{
  "n": 10,
  "m": 5,
  "D": [
    34,
    13,
    66,
    82,
    10,
    31,
    29,
    84,
    51,
    20
  ],
  "p": [
    3.23099467503432,
    1.841963477189008,
    7.253412874556227,
    2.3083312966786247,
    5.078550710099163,
    2.940193075734269,
    4.185145646976635,
    5.433723325414697,
    9.219713011502003,
    7.892437406105449
  ],
  "c": [
    488.14172012108264,
    231.06228960153112,
    298.74737767566955,
    187.8622834526901,
    313.9789860561801
  ],
  "U": [
    27,
    191,
    53,
    143,
    99
  ],
  "a": [
    [
      1,
      0,
      1,
      1,
      0
    ],
    [
      0,
      0,
      1,
      0,
      0
    ],
    [
      0,
      1,
      1,
      0,
      0
    ],
    [
      0,
      1,
      0,
      0,
      1
    ],
    [
      0,
      1,
      1,
      0,
      0
    ],
    [
      1,
      0,
      1,
      0,
      0
    ],
    [
      0,
      0,
      0,
      1,
      0
    ],
    [
      1,
      0,
      0,
      1,
      0
    ],
    [
      0,
      0,
      1,
      0,
      0
    ],
    [
      0,
      0,
      0,
      1,
      0
    ]
  ],
  "problem_id": "P1_S4",
  "seed": 3
}