{
  "n": 10,
  "m": 5,
  "D": [
    36,
    91,
    100,
    32,
    76,
    12,
    73,
    70,
    11,
    61
  ],
  "p": [
    5.0,
    5.0,
    5.0,
    5.0,
    5.0,
    5.0,
    5.0,
    5.0,
    5.0,
    5.0
  ],
  "c": [
    238.01963459327428,
    319.5925822262937,
    297.00241451845943,
    34.98399458540922,
    81.28138202879478
  ],
  "U": [
    126,
    172,
    151,
    20,
    41
  ],
  "a": [
    [
      1,
      0,
      0,
      0,
      0
    ],
    [
      0,
      0,
      1,
      1,
      0
    ],
    [
      1,
      1,
      0,
      0,
      0
    ],
    [
      1,
      0,
      0,
      0,
      1
    ],
    [
      1,
      0,
      0,
      0,
      1
    ],
    [
      0,
      0,
      0,
      0,
      1
    ],
    [
      1,
      0,
      0,
      1,
      0
    ],
    [
      1,
      0,
      0,
      0,
      0
    ],
    [
      0,
      1,
      0,
      1,
      0
    ],
    [
      0,
      1,
      0,
      0,
      0
    ]
  ],
  "problem_id": "P1_S4",
  "seed": 3
}