{
  "n": 10,
  "m": 5,
  "D": [
    54,
    57,
    74,
    77,
    77,
    19,
    93,
    31,
    46,
    97
  ],
  "p": [
    9.025957007038718,
    9.672964844509263,
    4.450973669431999,
    8.12552534274398,
    5.76005427777614,
    6.112401049845391,
    9.330369744633948,
    1.6393245237809824,
    1.7841636973138664,
    1.1819655769629316
  ],
  "c": [
    424.6789304965721,
    400.1705379274327,
    441.5054667110686,
    490.3782540047438,
    409.62135389752564
  ],
  "U": [
    49,
    167,
    167,
    162,
    187
  ],
  "a": [
    [
      0,
      0,
      1,
      0,
      0
    ],
    [
      0,
      1,
      0,
      0,
      0
    ],
    [
      0,
      0,
      0,
      1,
      0
    ],
    [
      0,
      0,
      0,
      1,
      0
    ],
    [
      0,
      0,
      0,
      1,
      0
    ],
    [
      0,
      0,
      1,
      0,
      0
    ],
    [
      1,
      0,
      0,
      0,
      0
    ],
    [
      0,
      0,
      1,
      0,
      0
    ],
    [
      0,
      1,
      0,
      1,
      0
    ],
    [
      1,
      0,
      1,
      0,
      1
    ]
  ],
  "problem_id": "P1_S1",
  "seed": 0
}