{
  "n": 10,
  "m": 5,
  "D": [
    47,
    22,
    82,
    19,
    85,
    15,
    89,
    74,
    26,
    11
  ],
  "p": [
    2.676341902399038,
    4.11004654338743,
    4.570907268076029,
    5.849350606030212,
    4.772750629629654,
    7.166975503570836,
    2.840070247583657,
    8.90305692751851,
    1.2464883387813355,
    7.03420759160562
  ],
  "c": [
    237.78716106520713,
    301.4104228005882,
    113.1741223678552,
    139.14567008819546,
    410.3350559039915
  ],
  "U": [
    157,
    27,
    83,
    81,
    42
  ],
  "a": [
    [
      0,
      1,
      1,
      1,
      0
    ],
    [
      1,
      1,
      0,
      0,
      0
    ],
    [
      0,
      0,
      0,
      1,
      0
    ],
    [
      0,
      0,
      0,
      0,
      1
    ],
    [
      0,
      0,
      0,
      0,
      1
    ],
    [
      0,
      0,
      0,
      1,
      1
    ],
    [
      0,
      0,
      0,
      0,
      1
    ],
    [
      0,
      0,
      0,
      1,
      0
    ],
    [
      0,
      1,
      0,
      0,
      1
    ],
    [
      0,
      1,
      0,
      0,
      1
    ]
  ],
  "problem_id": "P1_S2",
  "seed": 1
}