{
  "n": 10,
  "m": 5,
  "D": [
    50,
    25,
    82,
    32,
    53,
    92,
    85,
    17,
    44,
    59
  ],
  "p": [
    2.8418377063405824,
    6.573438697155973,
    3.6968920630707083,
    3.4014454759258,
    6.590204494923654,
    5.762278848493351,
    2.211219508104402,
    5.622203091391718,
    2.6599587908222375,
    8.068016330350062
  ],
  "c": [
    434.28888168776996,
    272.4065768218675,
    430.9526684108606,
    85.84046465407745,
    277.3607405547668
  ],
  "U": [
    115,
    141,
    51,
    100,
    72
  ],
  "a": [
    [
      1,
      0,
      0,
      0,
      0
    ],
    [
      1,
      0,
      0,
      0,
      0
    ],
    [
      0,
      1,
      0,
      0,
      1
    ],
    [
      1,
      0,
      1,
      0,
      0
    ],
    [
      0,
      0,
      1,
      0,
      1
    ],
    [
      0,
      0,
      0,
      1,
      0
    ],
    [
      0,
      0,
      0,
      1,
      1
    ],
    [
      1,
      0,
      1,
      0,
      0
    ],
    [
      0,
      0,
      0,
      1,
      0
    ],
    [
      0,
      0,
      0,
      0,
      1
    ]
  ],
  "problem_id": "P1_S3",
  "seed": 2
}