{
  "n": 10,
  "m": 5,
  "D": [
    78,
    43,
    18,
    12,
    86,
    94,
    41,
    76,
    15,
    36
  ],
  "p": [
    5.0,
    5.0,
    5.0,
    5.0,
    5.0,
    5.0,
    5.0,
    5.0,
    5.0,
    5.0
  ],
  "c": [
    329.7662738064033,
    206.68577345402417,
    129.68211837600217,
    234.16476024094118,
    308.80401178898035
  ],
  "U": [
    158,
    126,
    129,
    99,
    126
  ],
  "a": [
    [
      1,
      0,
      1,
      1,
      0
    ],
    [
      1,
      1,
      1,
      1,
      0
    ],
    [
      0,
      1,
      0,
      0,
      1
    ],
    [
      1,
      0,
      0,
      0,
      1
    ],
    [
      1,
      0,
      0,
      0,
      1
    ],
    [
      1,
      0,
      1,
      0,
      0
    ],
    [
      1,
      0,
      0,
      1,
      1
    ],
    [
      0,
      0,
      0,
      0,
      1
    ],
    [
      0,
      0,
      1,
      0,
      1
    ],
    [
      1,
      1,
      0,
      0,
      0
    ]
  ],
  "problem_id": "P1_S7",
  "seed": 6
}