{
  "n": 10,
  "m": 5,
  "D": [
    77,
    94,
    15,
    100,
    18,
    93,
    73,
    58,
    95,
    70
  ],
  "p": [
    4.621162240336283,
    5.704072042173126,
    5.305526162221621,
    5.998208264400974,
    5.890474157882863,
    7.84806018042636,
    7.411371166738821,
    6.577138864930957,
    4.83482593428573,
    3.6016752521627895
  ],
  "c": [
    488.2348585402008,
    200.19832047980165,
    148.46047736892257,
    79.61377450424514,
    492.2917459490452
  ],
  "U": [
    145,
    101,
    127,
    35,
    111
  ],
  "a": [
    [
      0,
      1,
      0,
      1,
      0
    ],
    [
      0,
      0,
      1,
      1,
      0
    ],
    [
      0,
      0,
      1,
      0,
      0
    ],
    [
      0,
      1,
      0,
      0,
      1
    ],
    [
      1,
      0,
      0,
      0,
      0
    ],
    [
      0,
      1,
      0,
      0,
      0
    ],
    [
      1,
      1,
      1,
      0,
      0
    ],
    [
      0,
      0,
      1,
      0,
      0
    ],
    [
      0,
      0,
      0,
      1,
      0
    ],
    [
      1,
      0,
      0,
      1,
      0
    ]
  ],
  "problem_id": "P1_S9",
  "seed": 8
}