{
  "n": 10,
  "m": 5,
  "D": [
    64,
    66,
    32,
    75,
    32,
    62,
    69,
    50,
    43,
    10
  ],
  "p": [
    4.365560632636221,
    7.6119223635549496,
    9.711136730700481,
    7.313936018607306,
    2.218826346710801,
    2.224062807873567,
    9.55726442434296,
    5.97750117869561,
    9.489762130963015,
    6.665959255769462
  ],
  "c": [
    304.19136860364455,
    337.80570596121856,
    394.2582780363856,
    218.84420522811183,
    425.4331275262807
  ],
  "U": [
    78,
    181,
    83,
    42,
    198
  ],
  "a": [
    [
      1,
      0,
      0,
      1,
      1
    ],
    [
      1,
      0,
      0,
      0,
      0
    ],
    [
      0,
      0,
      1,
      0,
      0
    ],
    [
      1,
      1,
      0,
      0,
      0
    ],
    [
      0,
      0,
      0,
      0,
      1
    ],
    [
      0,
      0,
      0,
      1,
      0
    ],
    [
      1,
      0,
      1,
      0,
      0
    ],
    [
      0,
      0,
      0,
      0,
      1
    ],
    [
      0,
      0,
      0,
      1,
      0
    ],
    [
      0,
      0,
      0,
      1,
      0
    ]
  ],
  "problem_id": "P1_S10",
  "seed": 9
}