{
  "n": 10,
  "m": 5,
  "D": [
    20,
    83,
    94,
    89,
    90,
    72,
    35,
    11,
    85,
    87
  ],
  "p": [
    4.769266857009889,
    4.018670643459963,
    6.6026748897648115,
    4.943272834979867,
    7.622938957138212,
    5.662327707993419,
    6.209727402035414,
    6.8081958630603445,
    9.912018442360747,
    8.378723772296572
  ],
  "c": [
    235.94042066728136,
    444.32044484298234,
    420.6917446567346,
    74.51352852005958,
    373.3867564538874
  ],
  "U": [
    147,
    86,
    83,
    167,
    105
  ],
  "a": [
    [
      0,
      0,
      1,
      0,
      0
    ],
    [
      1,
      1,
      0,
      0,
      0
    ],
    [
      1,
      1,
      0,
      0,
      0
    ],
    [
      1,
      1,
      0,
      1,
      0
    ],
    [
      0,
      1,
      0,
      0,
      1
    ],
    [
      1,
      0,
      0,
      0,
      0
    ],
    [
      1,
      0,
      0,
      1,
      0
    ],
    [
      1,
      1,
      1,
      0,
      0
    ],
    [
      0,
      0,
      1,
      1,
      0
    ],
    [
      0,
      1,
      0,
      0,
      1
    ]
  ],
  "problem_id": "P1_S7",
  "seed": 6
}