{
  "n": 10,
  "m": 5,
  "D": [
    46,
    60,
    54,
    48,
    62,
    13,
    10,
    65,
    31,
    31
  ],
  "p": [
    5.0,
    5.0,
    5.0,
    5.0,
    5.0,
    5.0,
    5.0,
    5.0,
    5.0,
    5.0
  ],
  "c": [
    367.9698112382563,
    516.218292017671,
    274.96656836641887,
    223.05322807503757,
    239.09775141691887
  ],
  "U": [
    142,
    194,
    149,
    124,
    107
  ],
  "a": [
    [
      1,
      0,
      0,
      0,
      1
    ],
    [
      0,
      0,
      1,
      0,
      0
    ],
    [
      0,
      0,
      1,
      1,
      1
    ],
    [
      1,
      1,
      0,
      0,
      0
    ],
    [
      0,
      1,
      0,
      0,
      0
    ],
    [
      0,
      0,
      1,
      0,
      0
    ],
    [
      1,
      0,
      0,
      0,
      0
    ],
    [
      1,
      0,
      1,
      0,
      0
    ],
    [
      0,
      1,
      0,
      1,
      0
    ],
    [
      0,
      1,
      0,
      1,
      1
    ]
  ],
  "problem_id": "P1_S5",
  "seed": 4
}