{
  "n": 10,
  "m": 5,
  "D": [
    10,
    70,
    69,
    98,
    84,
    66,
    72,
    22,
    28,
    96
  ],
  "p": [
    5.0,
    5.0,
    5.0,
    5.0,
    5.0,
    5.0,
    5.0,
    5.0,
    5.0,
    5.0
  ],
  "c": [
    269.9036904902576,
    202.4451357431147,
    203.38785915833273,
    137.0774917708589,
    323.63372066181824
  ],
  "U": [
    146,
    112,
    146,
    76,
    170
  ],
  "a": [
    [
      0,
      1,
      0,
      0,
      0
    ],
    [
      1,
      0,
      1,
      0,
      0
    ],
    [
      0,
      0,
      0,
      1,
      1
    ],
    [
      0,
      0,
      1,
      0,
      0
    ],
    [
      0,
      0,
      0,
      1,
      0
    ],
    [
      1,
      1,
      1,
      0,
      0
    ],
    [
      0,
      1,
      0,
      0,
      0
    ],
    [
      0,
      0,
      0,
      0,
      1
    ],
    [
      0,
      0,
      1,
      0,
      0
    ],
    [
      1,
      0,
      0,
      1,
      1
    ]
  ],
  "problem_id": "P1_S10",
  "seed": 9
}