{
  "n": 10,
  "m": 5,
  "D": [
    56,
    65,
    79,
    11,
    97,
    82,
    60,
    19,
    68,
    65
  ],
  "p": [
    3.2768412614509956,
    4.913123791640012,
    8.014446296143772,
    2.7791656714022777,
    8.766939120393001,
    9.850606094577815,
    2.4745801726422885,
    6.376005495395733,
    1.080874879007995,
    4.4791415437926645
  ],
  "c": [
    69.87202606917481,
    480.49383547140616,
    246.26599109590893,
    477.0397880517032,
    403.8376936707774
  ],
  "U": [
    188,
    190,
    193,
    181,
    52
  ],
  "a": [
    [
      0,
      0,
      1,
      0,
      0
    ],
    [
      1,
      0,
      0,
      0,
      0
    ],
    [
      0,
      1,
      0,
      0,
      0
    ],
    [
      0,
      1,
      0,
      0,
      0
    ],
    [
      0,
      0,
      0,
      0,
      1
    ],
    [
      0,
      0,
      1,
      0,
      0
    ],
    [
      1,
      0,
      1,
      0,
      1
    ],
    [
      0,
      0,
      0,
      1,
      1
    ],
    [
      0,
      0,
      0,
      0,
      1
    ],
    [
      1,
      0,
      0,
      0,
      0
    ]
  ],
  "problem_id": "P1_S5",
  "seed": 4
}