{
  "n": 10,
  "m": 5,
  "D": [
    87,
    85,
    75,
    57,
    40,
    94,
    96,
    28,
    19,
    51
  ],
  "p": [
    5.0,
    5.0,
    5.0,
    5.0,
    5.0,
    5.0,
    5.0,
    5.0,
    5.0,
    5.0
  ],
  "c": [
    228.4939691238846,
    232.2116753630469,
    314.7380608854505,
    103.90502081648857,
    67.98582926946857
  ],
  "U": [
    119,
    138,
    164,
    93,
    28
  ],
  "a": [
    [
      0,
      1,
      0,
      0,
      1
    ],
    [
      1,
      1,
      1,
      0,
      0
    ],
    [
      1,
      0,
      0,
      1,
      0
    ],
    [
      0,
      0,
      0,
      1,
      1
    ],
    [
      0,
      1,
      0,
      0,
      0
    ],
    [
      0,
      0,
      0,
      0,
      1
    ],
    [
      0,
      0,
      0,
      1,
      0
    ],
    [
      0,
      0,
      0,
      0,
      1
    ],
    [
      0,
      0,
      0,
      0,
      1
    ],
    [
      1,
      0,
      0,
      0,
      0
    ]
  ],
  "problem_id": "P1_S6",
  "seed": 5
}