{
  "n": 10,
  "m": 5,
  "D": [
    69,
    28,
    24,
    66,
    19,
    61,
    78,
    63,
    63,
    81
  ],
  "p": [
    5.0,
    5.0,
    5.0,
    5.0,
    5.0,
    5.0,
    5.0,
    5.0,
    5.0,
    5.0
  ],
  "c": [
    127.00603514466206,
    180.68252338815304,
    165.45471565882758,
    462.3736605285122,
    277.1868501454927
  ],
  "U": [
    104,
    125,
    153,
    156,
    103
  ],
  "a": [
    [
      0,
      1,
      0,
      0,
      0
    ],
    [
      0,
      0,
      0,
      1,
      0
    ],
    [
      0,
      0,
      1,
      0,
      0
    ],
    [
      0,
      0,
      0,
      1,
      0
    ],
    [
      0,
      1,
      0,
      0,
      0
    ],
    [
      0,
      1,
      0,
      0,
      0
    ],
    [
      0,
      0,
      0,
      0,
      1
    ],
    [
      1,
      1,
      0,
      0,
      0
    ],
    [
      0,
      1,
      0,
      0,
      0
    ],
    [
      0,
      0,
      0,
      0,
      1
    ]
  ],
  "problem_id": "P1_S9",
  "seed": 8
}