{
  "n": 10,
  "m": 5,
  "D": [
    78,
    58,
    17,
    54,
    10,
    85,
    65,
    16,
    29,
    70
  ],
  "p": [
    5.0,
    5.0,
    5.0,
    5.0,
    5.0,
    5.0,
    5.0,
    5.0,
    5.0,
    5.0
  ],
  "c": [
    392.5599727669296,
    97.33529309393714,
    146.54547860382428,
    342.1412851867669,
    245.95619301578978
  ],
  "U": [
    195,
    45,
    87,
    171,
    123
  ],
  "a": [
    [
      0,
      0,
      1,
      0,
      0
    ],
    [
      1,
      0,
      0,
      1,
      0
    ],
    [
      0,
      1,
      0,
      0,
      0
    ],
    [
      0,
      0,
      0,
      0,
      1
    ],
    [
      1,
      0,
      0,
      0,
      0
    ],
    [
      0,
      0,
      0,
      0,
      1
    ],
    [
      0,
      1,
      0,
      1,
      0
    ],
    [
      0,
      0,
      1,
      0,
      0
    ],
    [
      0,
      1,
      0,
      0,
      1
    ],
    [
      0,
      1,
      0,
      0,
      0
    ]
  ],
  "problem_id": "P1_S8",
  "seed": 7
}