{
  "n": 10,
  "m": 5,
  "D": [
    88,
    71,
    26,
    83,
    18,
    72,
    37,
    40,
    90,
    17
  ],
  "p": [
    9.91738837726035,
    8.274535147299403,
    6.845129949196894,
    8.375255137471727,
    3.1828636484204886,
    7.879353477950642,
    1.9981068556515735,
    2.8373927304753295,
    2.0718582173043436,
    8.901127641343258
  ],
  "c": [
    285.6538803199456,
    271.4611993727694,
    379.3419951172069,
    56.56133799335842,
    92.01336513545132
  ],
  "U": [
    78,
    20,
    152,
    130,
    184
  ],
  "a": [
    [
      1,
      0,
      0,
      1,
      0
    ],
    [
      0,
      1,
      0,
      0,
      0
    ],
    [
      0,
      1,
      1,
      0,
      1
    ],
    [
      0,
      0,
      0,
      0,
      1
    ],
    [
      0,
      0,
      1,
      0,
      0
    ],
    [
      0,
      1,
      0,
      0,
      0
    ],
    [
      0,
      0,
      1,
      0,
      0
    ],
    [
      0,
      0,
      1,
      1,
      0
    ],
    [
      0,
      0,
      0,
      0,
      1
    ],
    [
      1,
      0,
      0,
      0,
      0
    ]
  ],
  "problem_id": "P1_S6",
  "seed": 5
}