{
  "n": 10,
  "m": 5,
  "D": [
    100,
    30,
    47,
    49,
    77,
    14,
    52,
    61,
    48,
    43
  ],
  "p": [
    5.0,
    5.0,
    5.0,
    5.0,
    5.0,
    5.0,
    5.0,
    5.0,
    5.0,
    5.0
  ],
  "c": [
    229.07450997339916,
    47.78365628667092,
    144.46003692115366,
    73.63065179643806,
    88.17462678143647
  ],
  "U": [
    188,
    35,
    92,
    42,
    63
  ],
  "a": [
    [
      0,
      1,
      0,
      0,
      0
    ],
    [
      1,
      0,
      0,
      0,
      0
    ],
    [
      1,
      0,
      0,
      0,
      0
    ],
    [
      0,
      0,
      0,
      0,
      1
    ],
    [
      0,
      0,
      1,
      1,
      0
    ],
    [
      1,
      0,
      0,
      0,
      0
    ],
    [
      1,
      0,
      1,
      0,
      0
    ],
    [
      0,
      1,
      0,
      0,
      0
    ],
    [
      0,
      1,
      1,
      1,
      0
    ],
    [
      1,
      0,
      0,
      0,
      0
    ]
  ],
  "problem_id": "P1_S3",
  "seed": 2
}