{
  "n": 10,
  "m": 5,
  "D": [
    49,
    97,
    56,
    98,
    91,
    47,
    35,
    87,
    82,
    19
  ],
  "p": [
    5.0,
    5.0,
    5.0,
    5.0,
    5.0,
    5.0,
    5.0,
    5.0,
    5.0,
    5.0
  ],
  "c": [
    527.4284536435175,
    107.80895281931218,
    326.0648452804023,
    168.73276915124012,
    240.92163249175695
  ],
  "U": [
    192,
    67,
    137,
    87,
    123
  ],
  "a": [
    [
      0,
      0,
      1,
      0,
      1
    ],
    [
      0,
      1,
      0,
      0,
      1
    ],
    [
      0,
      0,
      1,
      0,
      0
    ],
    [
      0,
      1,
      0,
      0,
      0
    ],
    [
      0,
      0,
      0,
      1,
      0
    ],
    [
      0,
      1,
      0,
      1,
      0
    ],
    [
      0,
      0,
      1,
      0,
      0
    ],
    [
      0,
      0,
      1,
      0,
      0
    ],
    [
      1,
      0,
      0,
      0,
      0
    ],
    [
      0,
      0,
      0,
      1,
      1
    ]
  ],
  "problem_id": "P1_S1",
  "seed": 0
}