{
  "n": 10,
  "m": 5,
  "D": [
    21,
    38,
    39,
    24,
    60,
    78,
    97,
    97,
    96,
    23
  ],
  "p": [
    5.0,
    5.0,
    5.0,
    5.0,
    5.0,
    5.0,
    5.0,
    5.0,
    5.0,
    5.0
  ],
  "c": [
    101.9576840483932,
    251.3300081820051,
    215.84700075914816,
    169.46336983591823,
    412.7824799700486
  ],
  "U": [
    57,
    160,
    92,
    157,
    153
  ],
  "a": [
    [
      1,
      1,
      0,
      0,
      1
    ],
    [
      1,
      1,
      0,
      1,
      0
    ],
    [
      0,
      1,
      0,
      0,
      0
    ],
    [
      0,
      1,
      0,
      0,
      0
    ],
    [
      0,
      0,
      0,
      0,
      1
    ],
    [
      0,
      0,
      1,
      0,
      0
    ],
    [
      0,
      1,
      1,
      0,
      0
    ],
    [
      0,
      0,
      1,
      0,
      0
    ],
    [
      0,
      1,
      0,
      0,
      1
    ],
    [
      0,
      0,
      1,
      0,
      1
    ]
  ],
  "problem_id": "P1_S2",
  "seed": 1
}