{
  "n": 10,
  "m": 5,
  "D": [
    57,
    78,
    35,
    77,
    93,
    33,
    67,
    24,
    33,
    82
  ],
  "p": [
    1.7806908685599274,
    4.7743498937483935,
    1.1431932486514926,
    5.749883153386935,
    8.819213123870277,
    3.977553244147227,
    4.536480788837575,
    7.068973806450592,
    7.0508554591711,
    7.246284178796918
  ],
  "c": [
    205.68782130968407,
    468.28768602790467,
    168.16269651952868,
    387.8432275373266,
    164.70232812731172
  ],
  "U": [
    54,
    76,
    58,
    24,
    157
  ],
  "a": [
    [
      0,
      0,
      1,
      0,
      0
    ],
    [
      0,
      0,
      1,
      0,
      0
    ],
    [
      0,
      1,
      0,
      0,
      0
    ],
    [
      0,
      0,
      0,
      1,
      0
    ],
    [
      0,
      1,
      1,
      0,
      0
    ],
    [
      0,
      1,
      0,
      0,
      0
    ],
    [
      0,
      0,
      1,
      0,
      1
    ],
    [
      0,
      1,
      0,
      0,
      0
    ],
    [
      1,
      0,
      0,
      0,
      0
    ],
    [
      1,
      0,
      0,
      0,
      1
    ]
  ],
  "problem_id": "P1_S8",
  "seed": 7
}