{
  "n": 15,
  "m": 8,
  "D": [
    62,
    50,
    90,
    67,
    82,
    68,
    42,
    71,
    35,
    28,
    24,
    51,
    95,
    36,
    27
  ],
  "p": [
    5.0,
    5.0,
    5.0,
    5.0,
    5.0,
    5.0,
    5.0,
    5.0,
    5.0,
    5.0,
    5.0,
    5.0,
    5.0,
    5.0,
    5.0
  ],
  "c": [
    198.97200997996816,
    103.79191140621673,
    363.62773676179484,
    82.86178423132407,
    189.54863123266045,
    338.15060420369866,
    193.42170603214043,
    43.31994999690324
  ],
  "U": [
    130,
    59,
    173,
    40,
    72,
    167,
    137,
    22
  ],
  "a": [
    [
      0,
      0,
      1,
      0,
      0,
      0,
      1,
      1
    ],
    [
      0,
      0,
      1,
      0,
      0,
      0,
      1,
      0
    ],
    [
      0,
      1,
      1,
      0,
      1,
      0,
      1,
      0
    ],
    [
      0,
      0,
      0,
      0,
      0,
      0,
      1,
      0
    ],
    [
      0,
      1,
      1,
      0,
      1,
      0,
      0,
      0
    ],
    [
      0,
      1,
      0,
      0,
      0,
      0,
      0,
      0
    ],
    [
      0,
      1,
      0,
      0,
      1,
      0,
      0,
      0
    ],
    [
      1,
      0,
      0,
      0,
      0,
      0,
      0,
      1
    ],
    [
      0,
      0,
      0,
      1,
      1,
      0,
      1,
      1
    ],
    [
      0,
      0,
      0,
      1,
      0,
      0,
      1,
      0
    ],
    [
      0,
      1,
      0,
      1,
      1,
      1,
      1,
      0
    ],
    [
      0,
      0,
      0,
      0,
      0,
      0,
      0,
      1
    ],
    [
      0,
      0,
      1,
      0,
      1,
      0,
      0,
      0
    ],
    [
      0,
      1,
      1,
      0,
      1,
      1,
      0,
      0
    ],
    [
      1,
      1,
      1,
      1,
      0,
      0,
      0,
      0
    ]
  ],
  "problem_id": "P2_S7",
  "seed": 106
}