{
  "n": 15,
  "m": 8,
  "D": [
    17,
    83,
    29,
    67,
    80,
    38,
    31,
    33,
    65,
    22,
    94,
    55,
    100,
    80,
    23
  ],
  "p": [
    4.152729761086434,
    6.253946737184375,
    1.7188253513036362,
    8.947342642033624,
    6.852940224646355,
    9.335443780042523,
    3.5610258297283273,
    9.809286254454701,
    2.699496171657307,
    7.82190880026056,
    3.349218574719015,
    4.737595456751832,
    9.62346570425819,
    4.303156008094241,
    8.096324453989551
  ],
  "c": [
    175.94675229203577,
    117.8456603066767,
    68.5853735756794,
    145.77823767018165,
    473.291995560284,
    155.23673912057768,
    51.20528610632588,
    297.0088800417366
  ],
  "U": [
    189,
    128,
    89,
    120,
    73,
    137,
    164,
    162
  ],
  "a": [
    [
      0,
      1,
      0,
      1,
      0,
      0,
      1,
      0
    ],
    [
      0,
      1,
      0,
      0,
      0,
      0,
      0,
      0
    ],
    [
      0,
      1,
      0,
      1,
      0,
      0,
      0,
      0
    ],
    [
      0,
      0,
      1,
      0,
      0,
      0,
      0,
      1
    ],
    [
      1,
      0,
      1,
      0,
      0,
      0,
      0,
      1
    ],
    [
      0,
      1,
      0,
      1,
      0,
      0,
      1,
      0
    ],
    [
      0,
      1,
      0,
      0,
      0,
      0,
      0,
      1
    ],
    [
      0,
      1,
      1,
      1,
      0,
      0,
      1,
      0
    ],
    [
      0,
      1,
      0,
      1,
      0,
      0,
      0,
      0
    ],
    [
      1,
      1,
      1,
      0,
      0,
      0,
      1,
      0
    ],
    [
      0,
      1,
      1,
      0,
      1,
      1,
      1,
      0
    ],
    [
      1,
      0,
      0,
      0,
      0,
      1,
      0,
      1
    ],
    [
      1,
      0,
      1,
      0,
      1,
      0,
      0,
      0
    ],
    [
      1,
      0,
      0,
      0,
      0,
      1,
      1,
      0
    ],
    [
      1,
      0,
      1,
      0,
      0,
      1,
      0,
      0
    ]
  ],
  "problem_id": "P2_S4",
  "seed": 103
}