{
  "n": 15,
  "m": 8,
  "D": [
    79,
    75,
    99,
    24,
    48,
    98,
    18,
    35,
    23,
    70,
    13,
    74,
    18,
    24,
    69
  ],
  "p": [
    1.619244077882227,
    3.3120634552547723,
    4.784874181318416,
    9.74196790137692,
    1.0477017620962317,
    7.581712467688979,
    6.247239823464751,
    3.1748307682866206,
    3.5332344832744864,
    5.6200455584289095,
    1.6683437006152033,
    2.581765423063433,
    2.226857736119301,
    4.738271936318699,
    2.507793064530627
  ],
  "c": [
    103.96832334407645,
    313.8775845565614,
    95.13626430748957,
    285.7992112364831,
    171.70619804680496,
    142.91063433319567,
    143.48268554029812,
    126.2415468743818
  ],
  "U": [
    121,
    152,
    114,
    149,
    46,
    39,
    200,
    63
  ],
  "a": [
    [
      1,
      0,
      0,
      0,
      0,
      1,
      0,
      1
    ],
    [
      0,
      0,
      0,
      0,
      0,
      1,
      0,
      1
    ],
    [
      0,
      0,
      0,
      0,
      1,
      1,
      0,
      0
    ],
    [
      0,
      0,
      1,
      0,
      0,
      1,
      0,
      1
    ],
    [
      0,
      0,
      0,
      1,
      1,
      1,
      0,
      0
    ],
    [
      0,
      0,
      1,
      0,
      0,
      0,
      0,
      0
    ],
    [
      1,
      0,
      1,
      0,
      0,
      1,
      0,
      0
    ],
    [
      0,
      0,
      1,
      0,
      0,
      0,
      0,
      0
    ],
    [
      0,
      1,
      1,
      1,
      0,
      0,
      0,
      1
    ],
    [
      0,
      0,
      0,
      0,
      0,
      0,
      1,
      0
    ],
    [
      0,
      1,
      0,
      1,
      0,
      0,
      1,
      1
    ],
    [
      1,
      0,
      0,
      0,
      0,
      0,
      0,
      0
    ],
    [
      1,
      0,
      1,
      0,
      0,
      0,
      0,
      0
    ],
    [
      1,
      0,
      1,
      0,
      1,
      1,
      0,
      0
    ],
    [
      0,
      0,
      0,
      0,
      0,
      0,
      1,
      1
    ]
  ],
  "problem_id": "P2_S5",
  "seed": 104
}