{
  "n": 15,
  "m": 8,
  "D": [
    33,
    27,
    85,
    96,
    92,
    60,
    63,
    16,
    19,
    75,
    14,
    33,
    90,
    86,
    65
  ],
  "p": [
    5.871995345670199,
    1.3325465376660097,
    7.275249675713324,
    9.945328268672565,
    2.799361503221512,
    6.7740875035205255,
    7.6718885470300915,
    3.5914060235307357,
    1.8714645372865122,
    6.966675591696217,
    2.272737522057068,
    6.7947405037287085,
    2.782279022548131,
    6.674545668815446,
    6.895346426141695
  ],
  "c": [
    372.55653574267217,
    286.94461877207516,
    53.47639831563207,
    68.60213618935465,
    174.8343516480863,
    465.9673701539963,
    187.0706921840518,
    471.8533105448047
  ],
  "U": [
    65,
    23,
    77,
    108,
    60,
    155,
    89,
    53
  ],
  "a": [
    [
      1,
      1,
      0,
      0,
      1,
      0,
      0,
      0
    ],
    [
      0,
      0,
      0,
      0,
      0,
      0,
      0,
      1
    ],
    [
      0,
      0,
      0,
      0,
      0,
      0,
      0,
      1
    ],
    [
      1,
      0,
      0,
      0,
      0,
      0,
      0,
      0
    ],
    [
      0,
      1,
      0,
      0,
      0,
      0,
      1,
      0
    ],
    [
      0,
      0,
      0,
      0,
      1,
      0,
      0,
      0
    ],
    [
      0,
      0,
      0,
      1,
      0,
      0,
      0,
      0
    ],
    [
      0,
      0,
      1,
      0,
      0,
      0,
      0,
      0
    ],
    [
      0,
      1,
      0,
      0,
      0,
      0,
      0,
      0
    ],
    [
      0,
      1,
      0,
      0,
      1,
      1,
      0,
      1
    ],
    [
      0,
      1,
      1,
      0,
      0,
      0,
      0,
      1
    ],
    [
      1,
      0,
      0,
      1,
      0,
      0,
      1,
      0
    ],
    [
      1,
      0,
      0,
      1,
      0,
      1,
      1,
      0
    ],
    [
      1,
      0,
      1,
      0,
      0,
      0,
      0,
      1
    ],
    [
      0,
      1,
      0,
      0,
      0,
      0,
      1,
      0
    ]
  ],
  "problem_id": "P2_S9",
  "seed": 108
}