{
  "n": 15,
  "m": 8,
  "D": [
    100,
    49,
    35,
    73,
    30,
    62,
    84,
    29,
    93,
    12,
    92,
    31,
    90,
    54,
    43
  ],
  "p": [
    7.063386367041693,
    7.657153471621022,
    4.476229906260962,
    2.63503336976991,
    8.495010379177755,
    7.08424958018233,
    2.340341833136784,
    1.5001351559961402,
    9.205182579118278,
    4.121571465609348,
    9.770295116027047,
    6.4411806530246425,
    5.97280105776818,
    5.444734931558968,
    9.126841549006329
  ],
  "c": [
    175.4836401422188,
    222.36180129100836,
    497.98670372454535,
    171.068687538518,
    119.72936703924852,
    125.31018030464948,
    209.77849124478388,
    321.1987316493143
  ],
  "U": [
    126,
    105,
    46,
    37,
    37,
    170,
    101,
    55
  ],
  "a": [
    [
      1,
      0,
      0,
      0,
      1,
      0,
      0,
      0
    ],
    [
      0,
      0,
      0,
      1,
      0,
      0,
      1,
      1
    ],
    [
      0,
      1,
      1,
      0,
      0,
      0,
      0,
      0
    ],
    [
      0,
      0,
      0,
      0,
      0,
      0,
      0,
      1
    ],
    [
      0,
      0,
      0,
      1,
      0,
      0,
      1,
      0
    ],
    [
      0,
      0,
      0,
      0,
      1,
      1,
      0,
      1
    ],
    [
      0,
      1,
      0,
      0,
      0,
      1,
      0,
      1
    ],
    [
      0,
      1,
      1,
      1,
      0,
      1,
      1,
      1
    ],
    [
      0,
      0,
      1,
      1,
      0,
      0,
      0,
      0
    ],
    [
      0,
      0,
      0,
      1,
      0,
      1,
      1,
      1
    ],
    [
      1,
      0,
      1,
      0,
      0,
      0,
      0,
      0
    ],
    [
      1,
      0,
      0,
      0,
      0,
      0,
      0,
      0
    ],
    [
      1,
      0,
      0,
      0,
      0,
      0,
      1,
      1
    ],
    [
      0,
      1,
      1,
      0,
      0,
      1,
      1,
      1
    ],
    [
      0,
      0,
      0,
      0,
      0,
      1,
      1,
      0
    ]
  ],
  "problem_id": "P2_S7",
  "seed": 106
}