{
  "n": 15,
  "m": 8,
  "D": [
    21,
    91,
    80,
    73,
    97,
    85,
    19,
    87,
    50,
    14,
    73,
    50,
    70,
    74,
    15
  ],
  "p": [
    1.6811370787709023,
    8.430873473264512,
    1.2294722875238637,
    6.3120816922884355,
    5.808278836989276,
    6.231317905724442,
    7.972450453280923,
    9.801207188970855,
    6.504395563052217,
    9.516558424888231,
    4.896068890845829,
    8.126436907323903,
    5.108522148734503,
    8.440103290101192,
    2.3161562751893774
  ],
  "c": [
    321.1841708742039,
    316.07375152748295,
    248.75864074132275,
    271.40722307475505,
    379.1792978414826,
    421.8613834199612,
    81.95683867744371,
    151.0919627603214
  ],
  "U": [
    91,
    123,
    163,
    64,
    20,
    136,
    126,
    160
  ],
  "a": [
    [
      0,
      0,
      0,
      1,
      1,
      0,
      1,
      0
    ],
    [
      1,
      0,
      0,
      0,
      0,
      0,
      0,
      1
    ],
    [
      0,
      1,
      0,
      0,
      0,
      0,
      0,
      0
    ],
    [
      1,
      0,
      0,
      0,
      1,
      1,
      0,
      0
    ],
    [
      0,
      1,
      1,
      0,
      1,
      0,
      0,
      0
    ],
    [
      0,
      0,
      0,
      0,
      1,
      0,
      0,
      0
    ],
    [
      1,
      0,
      0,
      0,
      1,
      1,
      0,
      0
    ],
    [
      0,
      0,
      1,
      0,
      0,
      1,
      0,
      0
    ],
    [
      0,
      0,
      0,
      0,
      1,
      1,
      1,
      0
    ],
    [
      0,
      0,
      1,
      1,
      0,
      1,
      0,
      0
    ],
    [
      0,
      0,
      0,
      0,
      0,
      0,
      0,
      1
    ],
    [
      0,
      0,
      0,
      1,
      0,
      0,
      0,
      0
    ],
    [
      0,
      0,
      0,
      0,
      0,
      0,
      1,
      1
    ],
    [
      0,
      0,
      1,
      0,
      1,
      1,
      1,
      1
    ],
    [
      0,
      0,
      0,
      0,
      0,
      0,
      0,
      1
    ]
  ],
  "problem_id": "P2_S2",
  "seed": 101
}