{
  "n": 15,
  "m": 8,
  "D": [
    18,
    34,
    77,
    97,
    89,
    58,
    20,
    62,
    63,
    76,
    24,
    44,
    34,
    25,
    70
  ],
  "p": [
    5.710129698127165,
    6.060666382129431,
    1.0523547230458066,
    3.766808903274044,
    9.551658826359722,
    2.1398881491085078,
    1.7108908544929524,
    3.8021782075365156,
    6.6914522937337875,
    7.294230322988841,
    6.777684534779521,
    9.28021401185548,
    3.689887185236022,
    6.118709805276159,
    2.6076189208864906
  ],
  "c": [
    289.65816582435264,
    341.0111614171276,
    113.9294192706401,
    311.6250330170953,
    265.6354715802672,
    223.88859985259512,
    248.20922592188825,
    232.14079787145718
  ],
  "U": [
    129,
    58,
    192,
    38,
    182,
    37,
    92,
    33
  ],
  "a": [
    [
      1,
      0,
      0,
      1,
      0,
      1,
      1,
      0
    ],
    [
      0,
      0,
      0,
      0,
      0,
      0,
      1,
      1
    ],
    [
      1,
      0,
      0,
      0,
      0,
      0,
      0,
      0
    ],
    [
      0,
      0,
      1,
      0,
      1,
      1,
      1,
      1
    ],
    [
      0,
      0,
      1,
      0,
      0,
      0,
      1,
      0
    ],
    [
      0,
      0,
      1,
      0,
      0,
      1,
      0,
      0
    ],
    [
      0,
      0,
      0,
      1,
      0,
      0,
      0,
      0
    ],
    [
      0,
      0,
      1,
      0,
      0,
      1,
      0,
      1
    ],
    [
      0,
      0,
      0,
      1,
      0,
      0,
      1,
      0
    ],
    [
      1,
      0,
      0,
      0,
      0,
      1,
      0,
      0
    ],
    [
      0,
      0,
      1,
      1,
      1,
      0,
      1,
      1
    ],
    [
      0,
      0,
      0,
      0,
      0,
      0,
      0,
      1
    ],
    [
      0,
      1,
      1,
      0,
      1,
      1,
      0,
      0
    ],
    [
      0,
      0,
      0,
      1,
      0,
      0,
      0,
      0
    ],
    [
      1,
      0,
      0,
      1,
      0,
      1,
      1,
      1
    ]
  ],
  "problem_id": "P2_S1",
  "seed": 100
}