{
  "n": 15,
  "m": 8,
  "D": [
    18,
    39,
    69,
    44,
    54,
    82,
    29,
    20,
    86,
    97,
    10,
    83,
    18,
    72,
    46
  ],
  "p": [
    5.0,
    5.0,
    5.0,
    5.0,
    5.0,
    5.0,
    5.0,
    5.0,
    5.0,
    5.0,
    5.0,
    5.0,
    5.0,
    5.0,
    5.0
  ],
  "c": [
    206.53902556927105,
    72.93928462309836,
    214.63490213252757,
    200.0033538636079,
    173.78185862264215,
    156.63910533209685,
    148.97168537627624,
    282.48190089720396
  ],
  "U": [
    115,
    31,
    101,
    90,
    83,
    107,
    95,
    157
  ],
  "a": [
    [
      0,
      0,
      1,
      0,
      1,
      1,
      0,
      0
    ],
    [
      1,
      0,
      1,
      1,
      0,
      1,
      0,
      0
    ],
    [
      1,
      1,
      0,
      0,
      0,
      0,
      1,
      0
    ],
    [
      0,
      0,
      0,
      1,
      0,
      0,
      0,
      0
    ],
    [
      0,
      0,
      0,
      1,
      1,
      0,
      0,
      0
    ],
    [
      0,
      0,
      0,
      0,
      1,
      0,
      0,
      0
    ],
    [
      0,
      0,
      0,
      0,
      1,
      0,
      1,
      0
    ],
    [
      0,
      0,
      1,
      0,
      0,
      0,
      0,
      1
    ],
    [
      0,
      0,
      0,
      0,
      0,
      1,
      0,
      0
    ],
    [
      1,
      0,
      0,
      0,
      0,
      0,
      1,
      0
    ],
    [
      0,
      0,
      1,
      0,
      1,
      1,
      1,
      0
    ],
    [
      1,
      1,
      0,
      1,
      1,
      0,
      0,
      1
    ],
    [
      1,
      0,
      0,
      0,
      0,
      0,
      0,
      0
    ],
    [
      0,
      0,
      0,
      1,
      0,
      0,
      0,
      0
    ],
    [
      1,
      0,
      0,
      0,
      1,
      1,
      0,
      0
    ]
  ],
  "problem_id": "P2_S2",
  "seed": 101
}