{
  "n": 15,
  "m": 8,
  "D": [
    64,
    10,
    84,
    79,
    61,
    50,
    97,
    39,
    16,
    49,
    24,
    21,
    27,
    39,
    97
  ],
  "p": [
    5.0,
    5.0,
    5.0,
    5.0,
    5.0,
    5.0,
    5.0,
    5.0,
    5.0,
    5.0,
    5.0,
    5.0,
    5.0,
    5.0,
    5.0
  ],
  "c": [
    50.95953999918441,
    219.11061218151738,
    60.79077012000069,
    281.4816531756045,
    130.25091048847497,
    98.95196636780648,
    87.28940233632404,
    100.13504006773934
  ],
  "U": [
    27,
    93,
    39,
    111,
    77,
    48,
    41,
    43
  ],
  "a": [
    [
      0,
      0,
      0,
      0,
      0,
      0,
      0,
      1
    ],
    [
      0,
      0,
      0,
      1,
      0,
      0,
      1,
      0
    ],
    [
      1,
      0,
      0,
      1,
      0,
      0,
      1,
      0
    ],
    [
      0,
      0,
      0,
      0,
      0,
      0,
      1,
      0
    ],
    [
      1,
      0,
      0,
      0,
      0,
      0,
      0,
      1
    ],
    [
      0,
      0,
      0,
      0,
      1,
      1,
      0,
      1
    ],
    [
      0,
      0,
      0,
      0,
      1,
      0,
      1,
      0
    ],
    [
      1,
      0,
      0,
      1,
      0,
      0,
      1,
      0
    ],
    [
      0,
      0,
      0,
      0,
      1,
      0,
      1,
      1
    ],
    [
      1,
      0,
      0,
      1,
      0,
      0,
      1,
      0
    ],
    [
      1,
      0,
      0,
      0,
      0,
      1,
      1,
      1
    ],
    [
      0,
      0,
      0,
      1,
      0,
      0,
      1,
      1
    ],
    [
      0,
      1,
      1,
      1,
      0,
      1,
      0,
      0
    ],
    [
      0,
      0,
      1,
      0,
      1,
      1,
      0,
      1
    ],
    [
      0,
      1,
      0,
      0,
      0,
      1,
      0,
      0
    ]
  ],
  "problem_id": "P2_S4",
  "seed": 103
}