{
  "n": 15,
  "m": 8,
  "D": [
    16,
    23,
    25,
    85,
    43,
    14,
    73,
    52,
    67,
    61,
    26,
    15,
    72,
    95,
    32
  ],
  "p": [
    3.693475555438231,
    9.964382124047644,
    9.292139496992778,
    5.073148507099881,
    9.273473287692948,
    3.6225026255899277,
    6.043785431856566,
    5.132508627310954,
    1.1638499376752378,
    9.538644390522423,
    3.7971784976560414,
    8.574396742493105,
    1.2015761108004992,
    6.229159985425861,
    6.437486016656276
  ],
  "c": [
    431.7057011406217,
    191.6890330441538,
    474.681451504123,
    383.41637665554504,
    455.999783912414,
    440.04075508275133,
    455.42706229368065,
    375.5908195644764
  ],
  "U": [
    188,
    184,
    136,
    29,
    192,
    197,
    91,
    173
  ],
  "a": [
    [
      0,
      0,
      0,
      0,
      1,
      0,
      0,
      0
    ],
    [
      0,
      0,
      0,
      1,
      1,
      1,
      0,
      1
    ],
    [
      0,
      0,
      0,
      1,
      0,
      1,
      1,
      0
    ],
    [
      0,
      0,
      0,
      0,
      1,
      1,
      0,
      1
    ],
    [
      0,
      0,
      0,
      0,
      0,
      0,
      1,
      1
    ],
    [
      0,
      1,
      0,
      1,
      1,
      0,
      0,
      1
    ],
    [
      1,
      1,
      0,
      1,
      0,
      1,
      0,
      0
    ],
    [
      0,
      0,
      0,
      0,
      0,
      0,
      1,
      0
    ],
    [
      1,
      0,
      0,
      0,
      0,
      1,
      1,
      1
    ],
    [
      0,
      0,
      0,
      0,
      0,
      1,
      0,
      1
    ],
    [
      0,
      1,
      0,
      0,
      1,
      0,
      1,
      0
    ],
    [
      1,
      0,
      1,
      0,
      0,
      1,
      0,
      0
    ],
    [
      0,
      0,
      0,
      1,
      1,
      1,
      1,
      0
    ],
    [
      1,
      0,
      0,
      0,
      0,
      0,
      0,
      0
    ],
    [
      0,
      0,
      0,
      0,
      1,
      0,
      1,
      0
    ]
  ],
  "problem_id": "P2_S10",
  "seed": 109
}