{
  "n": 15,
  "m": 8,
  "D": [
    74,
    32,
    83,
    42,
    74,
    46,
    58,
    46,
    55,
    11,
    80,
    57,
    83,
    39,
    25
  ],
  "p": [
    4.830060958508971,
    9.799304822038996,
    1.2428676056854377,
    9.724476539149713,
    9.283681084452454,
    5.397575861560384,
    9.170304877529691,
    1.7942026806560882,
    3.608177409894579,
    6.245280315568328,
    6.02764538924025,
    9.660546100325709,
    2.8689155098680983,
    6.110972624223218,
    7.781906828241238
  ],
  "c": [
    318.6121295886769,
    169.36105343577498,
    490.8762968837966,
    388.0575851247955,
    168.07870751322523,
    84.3193323539032,
    249.9725383358208,
    462.0426302144477
  ],
  "U": [
    144,
    80,
    82,
    114,
    103,
    72,
    127,
    37
  ],
  "a": [
    [
      0,
      0,
      0,
      1,
      0,
      0,
      0,
      0
    ],
    [
      1,
      0,
      0,
      0,
      1,
      0,
      0,
      0
    ],
    [
      1,
      0,
      0,
      0,
      0,
      1,
      0,
      1
    ],
    [
      0,
      0,
      1,
      1,
      0,
      0,
      0,
      1
    ],
    [
      0,
      0,
      0,
      0,
      0,
      0,
      0,
      1
    ],
    [
      0,
      0,
      0,
      0,
      0,
      0,
      1,
      0
    ],
    [
      0,
      0,
      0,
      0,
      0,
      0,
      0,
      1
    ],
    [
      0,
      0,
      0,
      0,
      0,
      1,
      0,
      0
    ],
    [
      0,
      1,
      0,
      0,
      1,
      1,
      0,
      0
    ],
    [
      0,
      0,
      1,
      0,
      0,
      1,
      0,
      0
    ],
    [
      0,
      0,
      1,
      0,
      1,
      0,
      0,
      0
    ],
    [
      0,
      0,
      0,
      0,
      1,
      0,
      1,
      0
    ],
    [
      0,
      1,
      0,
      1,
      0,
      1,
      0,
      0
    ],
    [
      0,
      0,
      0,
      0,
      0,
      1,
      0,
      0
    ],
    [
      0,
      0,
      1,
      0,
      0,
      0,
      1,
      0
    ]
  ],
  "problem_id": "P2_S6",
  "seed": 105
}