{
  "n": 15,
  "m": 8,
  "D": [
    72,
    58,
    99,
    80,
    24,
    85,
    44,
    48,
    89,
    26,
    28,
    44,
    31,
    38,
    55
  ],
  "p": [
    7.231652486309075,
    5.918330727061203,
    4.361898931254263,
    1.4953285491432269,
    7.433639025528459,
    2.1603463177547892,
    2.829743861291793,
    7.8376624890200866,
    8.408868136744927,
    7.589477041308216,
    7.616514230769408,
    1.3577052340302393,
    6.538674950181409,
    6.790283961110977,
    1.8918915252718316
  ],
  "c": [
    196.6538829599051,
    245.68720884546818,
    184.09118736732296,
    194.99523800676545,
    195.53930981557113,
    175.75142139958513,
    465.11433604172646,
    463.19137150361536
  ],
  "U": [
    122,
    146,
    140,
    153,
    191,
    178,
    53,
    131
  ],
  "a": [
    [
      0,
      0,
      1,
      1,
      0,
      1,
      0,
      1
    ],
    [
      1,
      0,
      0,
      1,
      0,
      0,
      1,
      0
    ],
    [
      0,
      0,
      0,
      1,
      0,
      0,
      0,
      0
    ],
    [
      0,
      0,
      0,
      0,
      0,
      1,
      1,
      1
    ],
    [
      0,
      0,
      0,
      1,
      0,
      0,
      0,
      0
    ],
    [
      0,
      1,
      0,
      0,
      0,
      1,
      0,
      0
    ],
    [
      1,
      0,
      0,
      0,
      1,
      0,
      1,
      0
    ],
    [
      0,
      0,
      0,
      0,
      1,
      1,
      1,
      0
    ],
    [
      0,
      0,
      0,
      1,
      1,
      0,
      0,
      0
    ],
    [
      0,
      0,
      0,
      0,
      0,
      1,
      1,
      0
    ],
    [
      0,
      1,
      0,
      0,
      0,
      0,
      0,
      0
    ],
    [
      0,
      1,
      0,
      0,
      0,
      0,
      0,
      1
    ],
    [
      0,
      0,
      1,
      1,
      1,
      0,
      0,
      0
    ],
    [
      0,
      0,
      1,
      0,
      0,
      1,
      0,
      0
    ],
    [
      0,
      1,
      0,
      0,
      0,
      0,
      1,
      1
    ]
  ],
  "problem_id": "P2_S8",
  "seed": 107
}