{
  "n": 15,
  "m": 8,
  "D": [
    10,
    88,
    76,
    83,
    82,
    55,
    82,
    83,
    89,
    17,
    14,
    48,
    92,
    65,
    13
  ],
  "p": [
    9.049688988281426,
    2.641694728310454,
    4.250458766151422,
    8.29532314320009,
    4.0010214664860735,
    5.670554466060189,
    3.3545820148840315,
    2.178352815859946,
    2.101754688871047,
    5.964916098182998,
    1.2644533604562342,
    6.424976088288248,
    7.757941002457451,
    3.2416364648347957,
    2.779099674653459
  ],
  "c": [
    308.28022697564575,
    455.80928881236684,
    282.2973967851114,
    230.53938870178754,
    282.8703874125472,
    471.82598294511246,
    432.6836990182622,
    128.97633118825678
  ],
  "U": [
    51,
    38,
    144,
    121,
    96,
    154,
    111,
    62
  ],
  "a": [
    [
      1,
      0,
      1,
      0,
      0,
      0,
      1,
      0
    ],
    [
      1,
      0,
      1,
      1,
      0,
      0,
      1,
      0
    ],
    [
      0,
      0,
      1,
      0,
      0,
      1,
      0,
      1
    ],
    [
      0,
      0,
      1,
      0,
      0,
      0,
      0,
      0
    ],
    [
      0,
      0,
      0,
      0,
      0,
      1,
      0,
      0
    ],
    [
      0,
      1,
      0,
      0,
      0,
      1,
      0,
      1
    ],
    [
      0,
      0,
      0,
      0,
      0,
      1,
      0,
      1
    ],
    [
      1,
      0,
      0,
      0,
      0,
      0,
      0,
      0
    ],
    [
      0,
      0,
      1,
      0,
      0,
      0,
      0,
      0
    ],
    [
      1,
      0,
      1,
      0,
      1,
      0,
      0,
      1
    ],
    [
      1,
      0,
      0,
      0,
      0,
      1,
      1,
      0
    ],
    [
      0,
      1,
      0,
      0,
      0,
      0,
      1,
      0
    ],
    [
      0,
      1,
      0,
      0,
      0,
      1,
      0,
      1
    ],
    [
      1,
      1,
      0,
      1,
      1,
      1,
      1,
      1
    ],
    [
      0,
      0,
      0,
      0,
      0,
      0,
      1,
      1
    ]
  ],
  "problem_id": "P2_S3",
  "seed": 102
}