{
  "n": 20,
  "m": 10,
  "D": [
    75,
    23,
    36,
    12,
    64,
    11,
    54,
    85,
    18,
    81,
    80,
    17,
    32,
    44,
    87,
    86,
    24,
    42,
    73,
    88
  ],
  "p": [
    9.360096421644554,
    3.9581022163431285,
    4.428222486439383,
    7.436606271653105,
    1.1686227388900443,
    9.462975411333868,
    7.868496008327099,
    1.6893990844121145,
    9.991180857574781,
    5.440108797397892,
    1.6581863263761392,
    8.978094593215406,
    8.166390145418587,
    2.349475886461287,
    5.337867214282594,
    6.274743639526639,
    6.350338747812181,
    8.492384066041177,
    7.144338504106149,
    8.465593644025162
  ],
  "c": [
    128.6086791801784,
    275.2275808283432,
    51.890288606320134,
    253.19501557690245,
    159.2420949737575,
    94.39993845679562,
    388.08631131495423,
    480.0047573597863,
    66.01858714628662,
    307.04619927274194
  ],
  "U": [
    168,
    88,
    55,
    79,
    139,
    53,
    179,
    126,
    80,
    156
  ],
  "a": [
    [
      0,
      0,
      1,
      0,
      1,
      0,
      1,
      1,
      0,
      0
    ],
    [
      0,
      1,
      1,
      0,
      0,
      0,
      0,
      0,
      1,
      0
    ],
    [
      0,
      0,
      0,
      0,
      0,
      0,
      1,
      0,
      0,
      0
    ],
    [
      1,
      1,
      0,
      0,
      0,
      1,
      1,
      1,
      0,
      0
    ],
    [
      0,
      0,
      1,
      1,
      0,
      0,
      1,
      0,
      0,
      0
    ],
    [
      0,
      0,
      0,
      0,
      0,
      1,
      0,
      0,
      0,
      0
    ],
    [
      0,
      0,
      0,
      0,
      0,
      0,
      0,
      0,
      1,
      0
    ],
    [
      0,
      1,
      0,
      0,
      0,
      0,
      0,
      0,
      0,
      0
    ],
    [
      0,
      0,
      0,
      0,
      0,
      1,
      1,
      0,
      1,
      0
    ],
    [
      0,
      0,
      0,
      0,
      1,
      1,
      1,
      0,
      0,
      0
    ],
    [
      0,
      0,
      1,
      0,
      0,
      0,
      0,
      0,
      0,
      0
    ],
    [
      0,
      0,
      0,
      0,
      0,
      0,
      1,
      0,
      0,
      0
    ],
    [
      1,
      0,
      0,
      1,
      0,
      0,
      1,
      1,
      0,
      1
    ],
    [
      0,
      1,
      0,
      0,
      0,
      1,
      1,
      0,
      0,
      0
    ],
    [
      0,
      0,
      1,
      0,
      1,
      1,
      0,
      0,
      0,
      0
    ],
    [
      0,
      1,
      0,
      0,
      0,
      1,
      1,
      0,
      1,
      0
    ],
    [
      0,
      0,
      0,
      1,
      0,
      0,
      1,
      0,
      0,
      0
    ],
    [
      0,
      1,
      0,
      0,
      0,
      0,
      0,
      0,
      0,
      1
    ],
    [
      0,
      0,
      1,
      1,
      1,
      0,
      0,
      1,
      0,
      0
    ],
    [
      1,
      1,
      0,
      1,
      0,
      0,
      0,
      0,
      0,
      1
    ]
  ],
  "problem_id": "P3_S5",
  "seed": 204
}