{
  "n": 20,
  "m": 10,
  "D": [
    48,
    26,
    60,
    30,
    52,
    38,
    58,
    91,
    53,
    83,
    95,
    64,
    26,
    88,
    97,
    98,
    100,
    13,
    47,
    20
  ],
  "p": [
    5.0,
    5.0,
    5.0,
    5.0,
    5.0,
    5.0,
    5.0,
    5.0,
    5.0,
    5.0,
    5.0,
    5.0,
    5.0,
    5.0,
    5.0,
    5.0,
    5.0,
    5.0,
    5.0,
    5.0
  ],
  "c": [
    34.137126354019586,
    103.61149071626392,
    33.3398486043867,
    255.05400337606196,
    326.7611059191972,
    207.48155726949022,
    68.2264294215658,
    204.7589744891685,
    281.1614367915007,
    96.70531308523238
  ],
  "U": [
    20,
    61,
    20,
    117,
    120,
    115,
    29,
    119,
    142,
    35
  ],
  "a": [
    [
      0,
      0,
      1,
      0,
      1,
      1,
      1,
      1,
      0,
      0
    ],
    [
      1,
      0,
      0,
      1,
      1,
      0,
      1,
      0,
      0,
      0
    ],
    [
      1,
      1,
      1,
      0,
      1,
      0,
      0,
      0,
      1,
      0
    ],
    [
      0,
      0,
      1,
      1,
      0,
      0,
      0,
      0,
      0,
      0
    ],
    [
      0,
      0,
      1,
      0,
      0,
      0,
      0,
      1,
      1,
      1
    ],
    [
      0,
      1,
      0,
      1,
      0,
      0,
      0,
      1,
      0,
      1
    ],
    [
      0,
      0,
      1,
      1,
      0,
      0,
      1,
      1,
      0,
      0
    ],
    [
      1,
      0,
      0,
      0,
      0,
      0,
      0,
      0,
      0,
      0
    ],
    [
      0,
      1,
      0,
      1,
      0,
      0,
      0,
      0,
      1,
      0
    ],
    [
      0,
      1,
      0,
      1,
      0,
      0,
      0,
      1,
      0,
      0
    ],
    [
      1,
      0,
      0,
      1,
      1,
      0,
      0,
      0,
      0,
      0
    ],
    [
      1,
      1,
      0,
      1,
      1,
      1,
      0,
      0,
      1,
      0
    ],
    [
      0,
      0,
      1,
      0,
      1,
      0,
      0,
      0,
      0,
      0
    ],
    [
      1,
      0,
      1,
      1,
      0,
      1,
      0,
      0,
      0,
      0
    ],
    [
      0,
      0,
      0,
      1,
      0,
      1,
      0,
      0,
      0,
      0
    ],
    [
      1,
      0,
      0,
      1,
      0,
      1,
      0,
      0,
      1,
      0
    ],
    [
      0,
      0,
      0,
      0,
      0,
      1,
      1,
      0,
      0,
      1
    ],
    [
      1,
      0,
      0,
      0,
      0,
      0,
      0,
      0,
      1,
      0
    ],
    [
      0,
      0,
      0,
      0,
      1,
      1,
      1,
      0,
      0,
      0
    ],
    [
      0,
      0,
      1,
      0,
      0,
      1,
      0,
      1,
      0,
      1
    ]
  ],
  "problem_id": "P3_S2",
  "seed": 201
}