{
  "n": 20,
  "m": 10,
  "D": [
    36,
    26,
    78,
    52,
    65,
    86,
    89,
    99,
    24,
    67,
    99,
    21,
    16,
    52,
    66,
    11,
    17,
    61,
    37,
    83
  ],
  "p": [
    9.87424760261884,
    9.309400359997795,
    3.7332398256546524,
    8.614931412857999,
    2.090997715927549,
    8.070186569453472,
    3.2545454929390205,
    1.8642673913849137,
    9.491419332995791,
    8.434451324775946,
    5.6649262037096655,
    8.861503778183858,
    6.205381210948303,
    5.050760538202638,
    7.12141281628708,
    4.774830591848097,
    6.763541179700743,
    6.477906627314439,
    1.9489069655396885,
    9.694401301324273
  ],
  "c": [
    391.4151857084605,
    355.83882540180457,
    198.20664671474356,
    61.904697389814444,
    411.64717372059823,
    487.7731353644015,
    177.32215165556144,
    342.08360284150325,
    169.50879488922612,
    134.46011389652952
  ],
  "U": [
    198,
    139,
    117,
    177,
    170,
    155,
    181,
    178,
    117,
    171
  ],
  "a": [
    [
      1,
      0,
      0,
      0,
      0,
      0,
      0,
      0,
      0,
      0
    ],
    [
      0,
      0,
      1,
      0,
      1,
      1,
      1,
      1,
      0,
      0
    ],
    [
      0,
      1,
      0,
      0,
      0,
      0,
      0,
      1,
      0,
      1
    ],
    [
      0,
      1,
      0,
      0,
      0,
      0,
      1,
      0,
      0,
      1
    ],
    [
      0,
      1,
      0,
      1,
      0,
      1,
      0,
      0,
      1,
      0
    ],
    [
      0,
      1,
      0,
      0,
      1,
      1,
      0,
      1,
      0,
      0
    ],
    [
      0,
      1,
      1,
      0,
      1,
      0,
      0,
      0,
      1,
      0
    ],
    [
      0,
      0,
      1,
      0,
      1,
      0,
      0,
      1,
      0,
      1
    ],
    [
      0,
      0,
      0,
      0,
      0,
      1,
      0,
      0,
      1,
      0
    ],
    [
      0,
      0,
      0,
      1,
      0,
      0,
      0,
      1,
      1,
      0
    ],
    [
      1,
      1,
      0,
      1,
      0,
      0,
      1,
      0,
      1,
      1
    ],
    [
      1,
      1,
      1,
      0,
      0,
      0,
      0,
      0,
      0,
      0
    ],
    [
      0,
      0,
      1,
      0,
      0,
      0,
      0,
      1,
      0,
      0
    ],
    [
      0,
      0,
      0,
      0,
      0,
      1,
      0,
      0,
      1,
      0
    ],
    [
      0,
      1,
      0,
      1,
      1,
      0,
      0,
      1,
      1,
      0
    ],
    [
      1,
      0,
      0,
      0,
      0,
      1,
      0,
      0,
      0,
      1
    ],
    [
      0,
      1,
      1,
      0,
      0,
      0,
      0,
      1,
      1,
      0
    ],
    [
      1,
      0,
      1,
      0,
      0,
      0,
      0,
      1,
      0,
      1
    ],
    [
      1,
      1,
      0,
      0,
      0,
      0,
      1,
      1,
      1,
      0
    ],
    [
      0,
      0,
      1,
      1,
      1,
      0,
      1,
      0,
      0,
      0
    ]
  ],
  "problem_id": "P3_S1",
  "seed": 200
}