{
  "n": 20,
  "m": 10,
  "D": [
    16,
    60,
    63,
    42,
    88,
    11,
    93,
    90,
    65,
    79,
    95,
    21,
    93,
    99,
    64,
    82,
    93,
    98,
    20,
    47
  ],
  "p": [
    3.0672154274121453,
    3.1441197716154385,
    8.340549471059338,
    2.2568933093478534,
    4.444721353365813,
    5.457655538962409,
    9.504239274366666,
    9.224728020421898,
    5.721299408672038,
    8.161389332844475,
    9.290014080002948,
    8.91279079267187,
    5.379205219178589,
    3.727593798351738,
    6.028543341747752,
    9.119122186376243,
    2.6384024357287466,
    1.5572245603522261,
    3.981919123297652,
    7.388815537282315
  ],
  "c": [
    327.62270384271994,
    354.4087266134314,
    227.49491114689462,
    342.68295105650714,
    104.14884188505553,
    85.66894112562399,
    406.08347592206115,
    250.04519265448735,
    462.5236905828963,
    454.70155873821756
  ],
  "U": [
    172,
    197,
    20,
    150,
    72,
    157,
    183,
    64,
    190,
    59
  ],
  "a": [
    [
      1,
      0,
      1,
      0,
      0,
      0,
      0,
      1,
      0,
      0
    ],
    [
      0,
      0,
      0,
      0,
      0,
      1,
      0,
      0,
      0,
      0
    ],
    [
      1,
      0,
      0,
      1,
      0,
      0,
      1,
      1,
      0,
      1
    ],
    [
      0,
      0,
      0,
      0,
      0,
      0,
      1,
      0,
      1,
      1
    ],
    [
      1,
      1,
      0,
      1,
      1,
      0,
      1,
      1,
      1,
      0
    ],
    [
      0,
      0,
      1,
      1,
      0,
      0,
      1,
      0,
      0,
      0
    ],
    [
      0,
      0,
      1,
      0,
      1,
      1,
      0,
      1,
      1,
      0
    ],
    [
      0,
      1,
      0,
      0,
      0,
      0,
      0,
      0,
      1,
      1
    ],
    [
      0,
      0,
      1,
      1,
      1,
      0,
      1,
      0,
      0,
      0
    ],
    [
      1,
      1,
      0,
      0,
      0,
      0,
      0,
      0,
      0,
      1
    ],
    [
      1,
      0,
      0,
      0,
      0,
      0,
      0,
      0,
      1,
      0
    ],
    [
      0,
      0,
      0,
      0,
      0,
      0,
      1,
      1,
      1,
      0
    ],
    [
      1,
      0,
      0,
      0,
      0,
      0,
      0,
      0,
      0,
      0
    ],
    [
      0,
      0,
      1,
      1,
      1,
      0,
      0,
      0,
      0,
      0
    ],
    [
      0,
      0,
      1,
      0,
      1,
      0,
      0,
      1,
      0,
      0
    ],
    [
      1,
      0,
      1,
      1,
      0,
      0,
      1,
      0,
      0,
      0
    ],
    [
      0,
      1,
      0,
      0,
      1,
      1,
      0,
      1,
      0,
      1
    ],
    [
      0,
      0,
      1,
      0,
      0,
      0,
      1,
      0,
      1,
      1
    ],
    [
      0,
      0,
      0,
      0,
      1,
      0,
      0,
      0,
      0,
      0
    ],
    [
      0,
      0,
      0,
      0,
      1,
      1,
      0,
      0,
      1,
      0
    ]
  ],
  "problem_id": "P3_S8",
  "seed": 207
}