{
  "n": 20,
  "m": 10,
  "D": [
    43,
    81,
    53,
    59,
    68,
    49,
    41,
    26,
    83,
    60,
    23,
    44,
    13,
    39,
    15,
    30,
    11,
    100,
    96,
    45
  ],
  "p": [
    4.079501039103592,
    4.7636871320190135,
    5.714047813927299,
    1.9861654245245863,
    5.4641686588804514,
    2.7476945906656733,
    3.4896512031256712,
    4.454393056067911,
    9.820890649913352,
    3.6346756630947503,
    4.174422941656077,
    8.674133912306264,
    5.586184083304149,
    5.919293833727502,
    1.886036410151155,
    6.929546689141735,
    9.776851068038443,
    3.4839953174388363,
    7.388895359364328,
    5.536985820256707
  ],
  "c": [
    335.7353824319828,
    53.652944457398284,
    358.69262513855176,
    119.37856825202685,
    335.0636541344802,
    496.4809346479675,
    65.24574503954366,
    466.5485539071331,
    137.9586353112274,
    61.3724725188569
  ],
  "U": [
    187,
    78,
    188,
    164,
    100,
    102,
    157,
    74,
    113,
    98
  ],
  "a": [
    [
      1,
      0,
      0,
      1,
      0,
      1,
      1,
      0,
      1,
      0
    ],
    [
      1,
      0,
      0,
      0,
      1,
      0,
      0,
      0,
      1,
      1
    ],
    [
      0,
      0,
      0,
      0,
      0,
      1,
      0,
      0,
      0,
      1
    ],
    [
      0,
      0,
      1,
      0,
      1,
      1,
      0,
      0,
      1,
      0
    ],
    [
      0,
      0,
      0,
      0,
      0,
      0,
      1,
      1,
      0,
      1
    ],
    [
      1,
      1,
      0,
      0,
      0,
      0,
      1,
      1,
      0,
      0
    ],
    [
      0,
      0,
      0,
      0,
      0,
      1,
      1,
      0,
      0,
      1
    ],
    [
      0,
      0,
      0,
      0,
      0,
      1,
      0,
      0,
      0,
      1
    ],
    [
      0,
      1,
      0,
      0,
      0,
      1,
      1,
      1,
      0,
      1
    ],
    [
      0,
      0,
      0,
      0,
      0,
      0,
      0,
      0,
      1,
      0
    ],
    [
      0,
      0,
      0,
      0,
      0,
      0,
      0,
      1,
      1,
      0
    ],
    [
      0,
      0,
      0,
      1,
      0,
      1,
      1,
      1,
      0,
      0
    ],
    [
      0,
      0,
      0,
      0,
      1,
      0,
      1,
      1,
      1,
      0
    ],
    [
      0,
      0,
      1,
      0,
      1,
      0,
      0,
      0,
      0,
      0
    ],
    [
      1,
      0,
      0,
      1,
      1,
      0,
      0,
      0,
      0,
      0
    ],
    [
      1,
      0,
      0,
      0,
      0,
      1,
      0,
      0,
      0,
      0
    ],
    [
      1,
      1,
      0,
      0,
      0,
      0,
      0,
      1,
      0,
      0
    ],
    [
      0,
      1,
      0,
      0,
      1,
      0,
      1,
      0,
      1,
      0
    ],
    [
      0,
      0,
      1,
      0,
      0,
      1,
      1,
      1,
      0,
      0
    ],
    [
      0,
      1,
      0,
      0,
      0,
      0,
      0,
      1,
      1,
      0
    ]
  ],
  "problem_id": "P3_S10",
  "seed": 209
}