{
  "n": 20,
  "m": 10,
  "D": [
    63,
    82,
    98,
    72,
    70,
    11,
    95,
    84,
    86,
    88,
    51,
    32,
    48,
    83,
    55,
    12,
    24,
    41,
    68,
    97
  ],
  "p": [
    5.0,
    5.0,
    5.0,
    5.0,
    5.0,
    5.0,
    5.0,
    5.0,
    5.0,
    5.0,
    5.0,
    5.0,
    5.0,
    5.0,
    5.0,
    5.0,
    5.0,
    5.0,
    5.0,
    5.0
  ],
  "c": [
    169.88038502652722,
    53.61800474789026,
    88.15428108300134,
    247.44122472912161,
    56.97131507139183,
    35.14758070283785,
    376.90188749047593,
    238.71145778457606,
    311.9279843152097,
    183.11560589089078
  ],
  "U": [
    85,
    33,
    46,
    112,
    22,
    21,
    192,
    118,
    156,
    90
  ],
  "a": [
    [
      0,
      1,
      0,
      0,
      0,
      1,
      0,
      0,
      0,
      1
    ],
    [
      0,
      0,
      1,
      1,
      1,
      0,
      0,
      1,
      0,
      0
    ],
    [
      1,
      0,
      0,
      0,
      0,
      1,
      1,
      0,
      1,
      0
    ],
    [
      1,
      1,
      0,
      0,
      0,
      0,
      1,
      1,
      0,
      0
    ],
    [
      1,
      1,
      0,
      0,
      0,
      0,
      0,
      1,
      0,
      0
    ],
    [
      0,
      0,
      0,
      1,
      1,
      0,
      1,
      1,
      0,
      0
    ],
    [
      0,
      0,
      0,
      0,
      0,
      1,
      0,
      0,
      0,
      0
    ],
    [
      0,
      0,
      0,
      0,
      1,
      1,
      0,
      1,
      0,
      0
    ],
    [
      0,
      0,
      0,
      1,
      0,
      0,
      1,
      0,
      1,
      0
    ],
    [
      0,
      1,
      1,
      0,
      0,
      1,
      0,
      1,
      0,
      0
    ],
    [
      0,
      1,
      0,
      1,
      1,
      1,
      0,
      0,
      1,
      0
    ],
    [
      1,
      1,
      1,
      1,
      0,
      0,
      0,
      1,
      1,
      0
    ],
    [
      0,
      0,
      1,
      0,
      0,
      0,
      0,
      0,
      1,
      1
    ],
    [
      0,
      0,
      1,
      0,
      1,
      0,
      1,
      0,
      1,
      1
    ],
    [
      0,
      0,
      0,
      0,
      0,
      0,
      1,
      0,
      0,
      0
    ],
    [
      1,
      1,
      0,
      1,
      0,
      0,
      0,
      0,
      0,
      1
    ],
    [
      1,
      1,
      1,
      0,
      0,
      0,
      1,
      0,
      0,
      0
    ],
    [
      0,
      0,
      0,
      1,
      0,
      0,
      0,
      0,
      0,
      1
    ],
    [
      0,
      0,
      1,
      0,
      0,
      0,
      0,
      0,
      0,
      0
    ],
    [
      0,
      0,
      0,
      0,
      0,
      0,
      1,
      0,
      0,
      0
    ]
  ],
  "problem_id": "P3_S5",
  "seed": 204
}