{
  "n": 20,
  "m": 10,
  "D": [
    10,
    51,
    10,
    97,
    19,
    90,
    70,
    100,
    25,
    45,
    18,
    36,
    87,
    12,
    34,
    43,
    42,
    63,
    71,
    47
  ],
  "p": [
    8.943693284565468,
    8.828490568786787,
    8.601347931483197,
    3.463318685024232,
    8.071115901477018,
    7.3102221415479915,
    5.452574439953778,
    8.52703580074899,
    4.637653829481186,
    2.5590070244932677,
    4.288616017170054,
    9.973799076455535,
    4.065889313619213,
    5.548416995073811,
    5.854127224064843,
    3.244033647788257,
    8.314690517824332,
    2.73378113702195,
    1.7222534869243078,
    1.8474599352415226
  ],
  "c": [
    207.48444977783896,
    403.4907406257727,
    356.3113940667091,
    67.07274186400475,
    181.14535768034125,
    186.67849390009698,
    492.73198731686995,
    123.21854391026628,
    482.9281485709298,
    365.7563378024777
  ],
  "U": [
    176,
    172,
    98,
    190,
    192,
    173,
    24,
    138,
    119,
    112
  ],
  "a": [
    [
      1,
      0,
      1,
      1,
      0,
      0,
      1,
      0,
      0,
      0
    ],
    [
      0,
      1,
      0,
      0,
      0,
      0,
      0,
      0,
      0,
      1
    ],
    [
      1,
      0,
      0,
      0,
      0,
      0,
      0,
      0,
      0,
      1
    ],
    [
      0,
      0,
      1,
      0,
      0,
      0,
      1,
      0,
      0,
      1
    ],
    [
      0,
      1,
      0,
      1,
      0,
      1,
      1,
      0,
      1,
      0
    ],
    [
      1,
      0,
      0,
      0,
      0,
      1,
      0,
      0,
      1,
      1
    ],
    [
      0,
      0,
      0,
      0,
      1,
      0,
      0,
      1,
      0,
      0
    ],
    [
      0,
      0,
      0,
      0,
      0,
      0,
      0,
      1,
      0,
      0
    ],
    [
      1,
      1,
      1,
      0,
      1,
      0,
      0,
      1,
      0,
      0
    ],
    [
      0,
      0,
      0,
      0,
      0,
      0,
      0,
      0,
      1,
      0
    ],
    [
      0,
      0,
      0,
      1,
      0,
      1,
      1,
      0,
      0,
      1
    ],
    [
      0,
      0,
      1,
      0,
      0,
      0,
      0,
      1,
      0,
      0
    ],
    [
      1,
      0,
      1,
      0,
      0,
      0,
      0,
      0,
      1,
      1
    ],
    [
      1,
      0,
      0,
      1,
      0,
      1,
      0,
      0,
      0,
      1
    ],
    [
      0,
      1,
      0,
      0,
      0,
      0,
      0,
      0,
      1,
      0
    ],
    [
      0,
      0,
      0,
      1,
      1,
      0,
      0,
      0,
      0,
      1
    ],
    [
      1,
      0,
      1,
      1,
      1,
      0,
      0,
      0,
      1,
      0
    ],
    [
      0,
      1,
      0,
      0,
      0,
      1,
      0,
      0,
      0,
      0
    ],
    [
      1,
      0,
      0,
      1,
      0,
      0,
      0,
      0,
      1,
      1
    ],
    [
      1,
      0,
      0,
      0,
      1,
      0,
      0,
      0,
      0,
      0
    ]
  ],
  "problem_id": "P3_S2",
  "seed": 201
}