{
  "n": 20,
  "m": 10,
  "D": [
    29,
    33,
    70,
    86,
    50,
    51,
    67,
    17,
    96,
    11,
    81,
    58,
    24,
    29,
    19,
    40,
    46,
    62,
    97,
    30
  ],
  "p": [
    4.948914629710926,
    1.782938740627774,
    4.9452656059889915,
    8.855598205995413,
    4.7010020465480915,
    7.689387205439274,
    2.9651076756277526,
    8.840161568707217,
    5.973552446122326,
    2.743146984127155,
    4.8860918774977025,
    7.789672744600486,
    5.181589087810248,
    3.5489184970219108,
    8.939875811411909,
    4.094081415446423,
    9.256909249282758,
    8.25773104266416,
    4.479825840590188,
    2.5204165938450385
  ],
  "c": [
    129.596660445949,
    62.66759870683666,
    66.98962740602508,
    195.59987345969913,
    95.4697552131228,
    288.3135122001538,
    234.13587560655918,
    83.5142473821904,
    273.2073565519088,
    344.73690194210667
  ],
  "U": [
    73,
    155,
    78,
    49,
    83,
    129,
    46,
    48,
    123,
    73
  ],
  "a": [
    [
      0,
      1,
      0,
      0,
      0,
      0,
      1,
      1,
      1,
      0
    ],
    [
      0,
      0,
      0,
      0,
      1,
      1,
      0,
      0,
      0,
      1
    ],
    [
      0,
      0,
      0,
      0,
      0,
      1,
      0,
      1,
      0,
      1
    ],
    [
      0,
      0,
      0,
      1,
      0,
      0,
      0,
      0,
      0,
      1
    ],
    [
      0,
      1,
      0,
      1,
      0,
      0,
      1,
      0,
      0,
      1
    ],
    [
      0,
      0,
      0,
      0,
      0,
      0,
      0,
      0,
      0,
      1
    ],
    [
      0,
      1,
      1,
      0,
      0,
      0,
      0,
      0,
      0,
      0
    ],
    [
      0,
      0,
      0,
      1,
      0,
      0,
      0,
      0,
      0,
      1
    ],
    [
      1,
      0,
      0,
      0,
      0,
      1,
      1,
      0,
      1,
      0
    ],
    [
      0,
      1,
      1,
      0,
      1,
      1,
      0,
      0,
      0,
      0
    ],
    [
      0,
      1,
      0,
      0,
      1,
      0,
      0,
      0,
      0,
      0
    ],
    [
      0,
      0,
      0,
      0,
      0,
      0,
      0,
      1,
      0,
      0
    ],
    [
      0,
      0,
      0,
      1,
      0,
      1,
      1,
      1,
      0,
      0
    ],
    [
      0,
      0,
      0,
      0,
      0,
      0,
      0,
      0,
      0,
      1
    ],
    [
      0,
      0,
      1,
      1,
      0,
      0,
      1,
      0,
      0,
      0
    ],
    [
      0,
      1,
      1,
      0,
      0,
      0,
      1,
      0,
      0,
      0
    ],
    [
      0,
      1,
      0,
      0,
      1,
      1,
      1,
      0,
      1,
      0
    ],
    [
      0,
      1,
      1,
      0,
      0,
      0,
      1,
      0,
      0,
      1
    ],
    [
      1,
      0,
      1,
      0,
      0,
      1,
      0,
      0,
      0,
      0
    ],
    [
      1,
      0,
      0,
      1,
      0,
      0,
      0,
      1,
      0,
      0
    ]
  ],
  "problem_id": "P3_S3",
  "seed": 202
}