{
  "n": 20,
  "m": 10,
  "D": [
    40,
    72,
    80,
    78,
    69,
    100,
    99,
    61,
    95,
    50,
    49,
    47,
    26,
    99,
    95,
    34,
    21,
    59,
    19,
    48
  ],
  "p": [
    2.4700045711321996,
    6.456583535463631,
    9.521305610903973,
    8.920966009252682,
    4.314891089052917,
    4.876648560468285,
    4.908395972189614,
    9.664759369148769,
    3.2172643240489234,
    8.245563917586498,
    3.19109564817188,
    9.432536390146982,
    2.214114881557038,
    9.753792966213805,
    4.059278578711532,
    6.617535111437226,
    6.277156027866791,
    8.590881605135444,
    7.119290270788685,
    6.410171774016122
  ],
  "c": [
    334.80011047104335,
    414.2207047652244,
    413.42565510937686,
    166.17817805109155,
    458.8058825789168,
    325.57649808420837,
    55.724515948902734,
    121.39865861321188,
    169.65148676195523,
    116.97555520422506
  ],
  "U": [
    110,
    194,
    170,
    29,
    118,
    74,
    188,
    173,
    65,
    123
  ],
  "a": [
    [
      0,
      0,
      1,
      0,
      0,
      0,
      0,
      0,
      0,
      0
    ],
    [
      0,
      1,
      0,
      0,
      0,
      0,
      0,
      1,
      0,
      0
    ],
    [
      0,
      0,
      0,
      0,
      0,
      1,
      1,
      1,
      1,
      0
    ],
    [
      1,
      0,
      0,
      0,
      0,
      0,
      0,
      0,
      0,
      1
    ],
    [
      0,
      1,
      0,
      0,
      0,
      0,
      0,
      0,
      0,
      1
    ],
    [
      1,
      0,
      1,
      1,
      0,
      0,
      0,
      0,
      0,
      0
    ],
    [
      0,
      0,
      0,
      1,
      0,
      0,
      0,
      0,
      1,
      1
    ],
    [
      0,
      0,
      0,
      1,
      1,
      0,
      0,
      0,
      0,
      0
    ],
    [
      0,
      0,
      0,
      1,
      0,
      0,
      0,
      0,
      1,
      0
    ],
    [
      0,
      1,
      1,
      0,
      0,
      0,
      0,
      0,
      0,
      0
    ],
    [
      1,
      1,
      0,
      0,
      1,
      0,
      0,
      1,
      0,
      0
    ],
    [
      0,
      0,
      0,
      0,
      1,
      0,
      1,
      1,
      0,
      1
    ],
    [
      0,
      0,
      1,
      0,
      0,
      0,
      0,
      0,
      0,
      0
    ],
    [
      0,
      0,
      1,
      0,
      0,
      0,
      1,
      1,
      1,
      0
    ],
    [
      0,
      1,
      1,
      0,
      1,
      0,
      1,
      0,
      1,
      0
    ],
    [
      1,
      0,
      0,
      0,
      0,
      0,
      0,
      0,
      0,
      0
    ],
    [
      0,
      0,
      0,
      0,
      1,
      0,
      0,
      0,
      0,
      0
    ],
    [
      1,
      1,
      0,
      0,
      1,
      0,
      0,
      0,
      1,
      0
    ],
    [
      0,
      0,
      0,
      0,
      0,
      0,
      0,
      1,
      0,
      0
    ],
    [
      0,
      0,
      0,
      1,
      0,
      1,
      0,
      0,
      0,
      0
    ]
  ],
  "problem_id": "P3_S9",
  "seed": 208
}