{
  "n": 20,
  "m": 10,
  "D": [
    15,
    28,
    18,
    91,
    23,
    98,
    51,
    28,
    20,
    58,
    42,
    25,
    62,
    16,
    17,
    71,
    62,
    80,
    86,
    79
  ],
  "p": [
    4.290232329483443,
    6.340392277480742,
    5.5530458115388,
    6.627568713735487,
    6.9025343120634695,
    1.1112565714877745,
    5.702293949994386,
    7.25889925238508,
    9.24532886361128,
    5.191904339283722,
    3.304159099507628,
    2.3205077566985963,
    9.721885227591317,
    8.964336914034753,
    1.6969162033204657,
    5.9789845886143995,
    9.469716201467072,
    3.908259448588926,
    8.390924151677313,
    2.877039952509233
  ],
  "c": [
    248.93278688413008,
    179.6854465936781,
    83.16573254909038,
    453.27596017395325,
    252.47314026015655,
    78.89583680419234,
    202.84222478646788,
    454.45083437352173,
    452.33375796031356,
    453.3359113215233
  ],
  "U": [
    22,
    60,
    154,
    101,
    162,
    160,
    30,
    116,
    46,
    134
  ],
  "a": [
    [
      0,
      1,
      0,
      1,
      0,
      0,
      0,
      1,
      0,
      1
    ],
    [
      1,
      0,
      0,
      1,
      0,
      0,
      0,
      0,
      0,
      0
    ],
    [
      0,
      0,
      0,
      1,
      1,
      0,
      1,
      1,
      0,
      0
    ],
    [
      0,
      1,
      0,
      0,
      0,
      0,
      1,
      0,
      0,
      1
    ],
    [
      0,
      0,
      0,
      0,
      1,
      0,
      1,
      0,
      0,
      0
    ],
    [
      0,
      0,
      0,
      1,
      1,
      0,
      0,
      0,
      1,
      0
    ],
    [
      0,
      0,
      0,
      0,
      0,
      0,
      1,
      0,
      0,
      1
    ],
    [
      1,
      0,
      1,
      0,
      0,
      0,
      0,
      1,
      1,
      0
    ],
    [
      0,
      1,
      0,
      0,
      0,
      0,
      0,
      1,
      0,
      1
    ],
    [
      0,
      1,
      0,
      0,
      0,
      1,
      0,
      0,
      0,
      0
    ],
    [
      0,
      0,
      0,
      1,
      0,
      0,
      0,
      0,
      1,
      0
    ],
    [
      0,
      1,
      0,
      0,
      1,
      0,
      1,
      0,
      0,
      1
    ],
    [
      0,
      0,
      1,
      0,
      0,
      0,
      1,
      0,
      0,
      1
    ],
    [
      0,
      0,
      0,
      1,
      1,
      1,
      0,
      0,
      0,
      0
    ],
    [
      0,
      1,
      0,
      0,
      0,
      1,
      1,
      0,
      1,
      0
    ],
    [
      0,
      1,
      0,
      0,
      0,
      0,
      0,
      1,
      1,
      0
    ],
    [
      0,
      1,
      0,
      1,
      0,
      0,
      0,
      1,
      0,
      0
    ],
    [
      0,
      1,
      1,
      1,
      0,
      0,
      0,
      0,
      0,
      0
    ],
    [
      0,
      0,
      0,
      0,
      0,
      0,
      0,
      1,
      1,
      0
    ],
    [
      0,
      0,
      0,
      1,
      1,
      0,
      0,
      1,
      1,
      0
    ]
  ],
  "problem_id": "P3_S4",
  "seed": 203
}