{
  "n": 20,
  "m": 10,
  "D": [
    31,
    92,
    82,
    46,
    72,
    84,
    28,
    73,
    22,
    80,
    43,
    71,
    32,
    83,
    54,
    44,
    45,
    39,
    18,
    30
  ],
  "p": [
    9.035714499352334,
    6.140136421343272,
    9.910646566317372,
    2.846930181792022,
    6.2665065213175755,
    5.9020340495676535,
    6.43447321821996,
    3.2047282389350995,
    7.39995812875384,
    3.023948753539085,
    5.106909841845634,
    8.765767134800978,
    2.9520771379254165,
    7.957368371289738,
    1.5456369824167093,
    6.80667005609272,
    7.70120695390234,
    7.375438531107022,
    2.119156651727158,
    6.413075794865142
  ],
  "c": [
    395.32586313607544,
    404.4486281870777,
    396.0124110152765,
    446.7516991270741,
    428.18242358024264,
    427.04615799779026,
    120.38377562936904,
    453.88088835023416,
    319.62749272547086,
    248.69615563354049
  ],
  "U": [
    192,
    25,
    142,
    195,
    190,
    118,
    143,
    56,
    167,
    47
  ],
  "a": [
    [
      1,
      0,
      0,
      0,
      0,
      0,
      1,
      0,
      0,
      1
    ],
    [
      0,
      0,
      1,
      0,
      0,
      0,
      0,
      1,
      0,
      0
    ],
    [
      0,
      0,
      0,
      1,
      0,
      0,
      0,
      1,
      1,
      1
    ],
    [
      0,
      1,
      0,
      1,
      0,
      0,
      0,
      1,
      0,
      0
    ],
    [
      0,
      1,
      1,
      1,
      0,
      0,
      0,
      0,
      0,
      1
    ],
    [
      0,
      1,
      0,
      0,
      1,
      0,
      1,
      0,
      0,
      0
    ],
    [
      0,
      1,
      0,
      0,
      1,
      0,
      0,
      1,
      0,
      1
    ],
    [
      1,
      0,
      0,
      1,
      1,
      1,
      1,
      0,
      0,
      0
    ],
    [
      0,
      0,
      0,
      0,
      0,
      0,
      0,
      1,
      0,
      0
    ],
    [
      1,
      0,
      0,
      0,
      0,
      0,
      0,
      0,
      0,
      0
    ],
    [
      0,
      0,
      0,
      1,
      0,
      1,
      0,
      1,
      1,
      0
    ],
    [
      1,
      0,
      0,
      0,
      0,
      1,
      0,
      0,
      1,
      0
    ],
    [
      0,
      0,
      0,
      0,
      1,
      0,
      0,
      0,
      0,
      0
    ],
    [
      0,
      0,
      1,
      0,
      0,
      0,
      0,
      1,
      1,
      1
    ],
    [
      1,
      1,
      0,
      0,
      1,
      0,
      1,
      0,
      0,
      0
    ],
    [
      0,
      1,
      1,
      0,
      0,
      1,
      1,
      0,
      0,
      1
    ],
    [
      0,
      0,
      0,
      0,
      1,
      0,
      0,
      0,
      0,
      1
    ],
    [
      0,
      0,
      0,
      0,
      0,
      0,
      1,
      0,
      0,
      0
    ],
    [
      0,
      0,
      0,
      0,
      0,
      1,
      0,
      0,
      0,
      0
    ],
    [
      0,
      1,
      0,
      0,
      0,
      1,
      1,
      0,
      0,
      0
    ]
  ],
  "problem_id": "P3_S7",
  "seed": 206
}