{
  "n": 20,
  "m": 10,
  "D": [
    76,
    46,
    66,
    30,
    26,
    38,
    42,
    73,
    93,
    68,
    40,
    45,
    75,
    26,
    11,
    14,
    14,
    23,
    46,
    52
  ],
  "p": [
    7.2888170877829435,
    3.5820559651113557,
    2.1258190008865134,
    1.9221487955787664,
    7.0449714824188225,
    3.3645119363230127,
    1.1968983066042134,
    8.418775846374967,
    5.443332793331126,
    7.768551224626429,
    8.95128388653068,
    8.59060756836375,
    3.654986061141348,
    3.0084931503560495,
    7.921696354041429,
    6.924482558762631,
    1.7949745994477468,
    2.4793610213290576,
    4.3510503787151045,
    4.89999453079401
  ],
  "c": [
    334.25632417079777,
    126.26164717732793,
    222.1542791997127,
    341.1133695167128,
    173.1824683411616,
    178.55967806758048,
    477.21196894191434,
    283.76015399705875,
    71.57945830840966,
    53.849387854311004
  ],
  "U": [
    44,
    24,
    31,
    64,
    136,
    106,
    127,
    20,
    179,
    163
  ],
  "a": [
    [
      1,
      0,
      0,
      0,
      1,
      1,
      1,
      0,
      0,
      0
    ],
    [
      0,
      1,
      1,
      1,
      0,
      0,
      1,
      0,
      0,
      1
    ],
    [
      1,
      1,
      0,
      1,
      1,
      0,
      0,
      0,
      1,
      0
    ],
    [
      1,
      1,
      0,
      1,
      0,
      1,
      0,
      0,
      1,
      0
    ],
    [
      1,
      0,
      1,
      1,
      0,
      0,
      0,
      0,
      0,
      0
    ],
    [
      0,
      0,
      0,
      1,
      1,
      0,
      0,
      0,
      1,
      0
    ],
    [
      1,
      1,
      0,
      1,
      0,
      0,
      0,
      1,
      0,
      0
    ],
    [
      1,
      0,
      1,
      0,
      0,
      0,
      0,
      1,
      0,
      0
    ],
    [
      0,
      1,
      1,
      0,
      1,
      0,
      0,
      0,
      0,
      1
    ],
    [
      0,
      0,
      0,
      0,
      1,
      1,
      0,
      1,
      0,
      1
    ],
    [
      0,
      1,
      1,
      0,
      0,
      1,
      0,
      0,
      0,
      0
    ],
    [
      0,
      0,
      1,
      0,
      0,
      0,
      1,
      0,
      1,
      0
    ],
    [
      0,
      1,
      0,
      0,
      0,
      0,
      0,
      0,
      0,
      0
    ],
    [
      0,
      0,
      1,
      0,
      0,
      1,
      1,
      0,
      0,
      0
    ],
    [
      0,
      0,
      0,
      0,
      0,
      0,
      1,
      0,
      0,
      0
    ],
    [
      0,
      1,
      1,
      0,
      0,
      1,
      1,
      0,
      0,
      1
    ],
    [
      1,
      1,
      0,
      1,
      0,
      0,
      0,
      1,
      1,
      0
    ],
    [
      0,
      1,
      1,
      0,
      1,
      0,
      1,
      0,
      1,
      0
    ],
    [
      0,
      1,
      0,
      0,
      0,
      1,
      1,
      0,
      0,
      0
    ],
    [
      1,
      1,
      0,
      1,
      0,
      0,
      1,
      0,
      0,
      1
    ]
  ],
  "problem_id": "P3_S6",
  "seed": 205
}