{
  "n": 25,
  "m": 12,
  "D": [
    91,
    31,
    84,
    19,
    95,
    32,
    51,
    86,
    70,
    13,
    61,
    94,
    74,
    29,
    59,
    83,
    81,
    57,
    94,
    67,
    13,
    84,
    26,
    69,
    87
  ],
  "p": [
    4.0997732642715805,
    8.339611594366733,
    6.764781354653903,
    6.211921868623317,
    5.7412890529067075,
    8.228757378275148,
    7.0689558509874475,
    5.674726695819547,
    4.67637906015122,
    5.9147316220852115,
    9.521971348608355,
    3.752204594629897,
    2.1158630757140475,
    7.2137279122661955,
    7.258132109603157,
    5.447849574903964,
    3.543058609665139,
    8.317045104053832,
    3.492975086871724,
    1.6341807496043175,
    4.423725771377849,
    5.188742199452781,
    1.2342415249533985,
    4.821624093442567,
    7.983809920360636
  ],
  "c": [
    344.5759702200156,
    316.16387795146613,
    162.5773201816483,
    315.7508509050065,
    419.455984743597,
    344.72094810354406,
    253.9765954502598,
    399.0626130386293,
    333.05720740403905,
    112.23919067929887,
    208.04801256038087,
    77.64720097604322
  ],
  "U": [
    99,
    194,
    198,
    28,
    24,
    61,
    106,
    140,
    93,
    183,
    58,
    58
  ],
  "a": [
    [
      0,
      0,
      0,
      1,
      1,
      0,
      0,
      0,
      0,
      0,
      0,
      0
    ],
    [
      0,
      0,
      0,
      0,
      0,
      1,
      0,
      1,
      0,
      0,
      1,
      0
    ],
    [
      1,
      0,
      0,
      0,
      1,
      1,
      1,
      1,
      0,
      1,
      0,
      0
    ],
    [
      0,
      0,
      1,
      0,
      0,
      1,
      0,
      0,
      0,
      0,
      1,
      1
    ],
    [
      0,
      0,
      0,
      0,
      1,
      0,
      0,
      0,
      0,
      0,
      1,
      0
    ],
    [
      0,
      0,
      0,
      0,
      0,
      1,
      0,
      0,
      0,
      0,
      0,
      1
    ],
    [
      0,
      1,
      0,
      1,
      1,
      0,
      0,
      0,
      0,
      1,
      0,
      1
    ],
    [
      0,
      0,
      0,
      0,
      0,
      0,
      0,
      1,
      0,
      1,
      0,
      1
    ],
    [
      1,
      1,
      0,
      1,
      0,
      0,
      0,
      0,
      1,
      0,
      1,
      0
    ],
    [
      1,
      1,
      1,
      0,
      0,
      0,
      0,
      0,
      1,
      0,
      0,
      0
    ],
    [
      1,
      0,
      0,
      1,
      0,
      1,
      0,
      0,
      1,
      0,
      1,
      0
    ],
    [
      0,
      0,
      1,
      0,
      0,
      0,
      0,
      0,
      1,
      0,
      1,
      0
    ],
    [
      0,
      0,
      0,
      0,
      0,
      0,
      0,
      1,
      0,
      1,
      0,
      0
    ],
    [
      1,
      1,
      1,
      0,
      0,
      0,
      1,
      1,
      0,
      1,
      0,
      0
    ],
    [
      0,
      1,
      1,
      0,
      1,
      1,
      1,
      1,
      0,
      1,
      1,
      1
    ],
    [
      1,
      0,
      1,
      1,
      1,
      0,
      0,
      0,
      0,
      0,
      0,
      0
    ],
    [
      1,
      0,
      0,
      0,
      0,
      1,
      0,
      1,
      1,
      0,
      0,
      1
    ],
    [
      0,
      1,
      1,
      1,
      1,
      0,
      1,
      0,
      0,
      1,
      0,
      0
    ],
    [
      1,
      0,
      0,
      0,
      1,
      1,
      0,
      1,
      1,
      0,
      0,
      0
    ],
    [
      0,
      1,
      0,
      0,
      0,
      0,
      0,
      1,
      1,
      0,
      0,
      1
    ],
    [
      1,
      0,
      0,
      0,
      0,
      0,
      0,
      0,
      0,
      0,
      0,
      0
    ],
    [
      1,
      0,
      0,
      0,
      0,
      0,
      1,
      0,
      0,
      0,
      0,
      0
    ],
    [
      0,
      0,
      1,
      0,
      0,
      0,
      1,
      0,
      0,
      0,
      0,
      0
    ],
    [
      0,
      0,
      1,
      0,
      0,
      0,
      1,
      0,
      0,
      0,
      0,
      1
    ],
    [
      0,
      1,
      0,
      0,
      0,
      1,
      0,
      0,
      1,
      0,
      0,
      0
    ]
  ],
  "problem_id": "P4_S1",
  "seed": 300
}