{
  "n": 25,
  "m": 12,
  "D": [
    74,
    49,
    78,
    28,
    71,
    89,
    44,
    86,
    66,
    82,
    80,
    24,
    40,
    34,
    62,
    77,
    78,
    30,
    58,
    35,
    51,
    50,
    98,
    48,
    79
  ],
  "p": [
    1.0004299900292386,
    7.965045432007095,
    9.729977081093253,
    9.152788937381162,
    9.955149039591179,
    5.839023048465881,
    4.534778208620067,
    7.351732145483099,
    8.334019339990471,
    7.14962988301956,
    7.960679461703856,
    3.1791621691735603,
    8.38744891630067,
    1.7685763638548642,
    3.9125057843850635,
    1.488537251329085,
    7.3627499461059065,
    1.3851266511080063,
    5.032869547726771,
    5.112536689436955,
    5.717109916876255,
    9.1249864264177,
    7.252312169980371,
    8.25394991586172,
    5.686240227478628
  ],
  "c": [
    289.9042604949845,
    199.06842154423612,
    150.5337371142818,
    257.8839757905473,
    467.6274392704378,
    324.79170864083363,
    445.3938900890035,
    400.50705487069973,
    119.29158006596532,
    273.4896462239849,
    280.19164857937255,
    390.2011959676747
  ],
  "U": [
    31,
    31,
    149,
    60,
    71,
    134,
    26,
    169,
    31,
    134,
    66,
    134
  ],
  "a": [
    [
      0,
      0,
      1,
      1,
      0,
      0,
      1,
      1,
      0,
      0,
      0,
      1
    ],
    [
      0,
      1,
      0,
      0,
      1,
      1,
      0,
      1,
      0,
      1,
      0,
      0
    ],
    [
      0,
      0,
      0,
      0,
      1,
      0,
      0,
      0,
      1,
      0,
      0,
      0
    ],
    [
      0,
      1,
      0,
      1,
      0,
      0,
      1,
      0,
      0,
      0,
      0,
      1
    ],
    [
      0,
      1,
      1,
      1,
      0,
      1,
      0,
      0,
      1,
      0,
      0,
      0
    ],
    [
      1,
      0,
      0,
      0,
      1,
      0,
      0,
      1,
      1,
      1,
      0,
      0
    ],
    [
      0,
      0,
      1,
      0,
      0,
      1,
      1,
      1,
      0,
      0,
      0,
      0
    ],
    [
      0,
      1,
      0,
      1,
      0,
      1,
      1,
      1,
      0,
      1,
      0,
      1
    ],
    [
      1,
      0,
      0,
      1,
      0,
      1,
      0,
      0,
      0,
      0,
      0,
      0
    ],
    [
      0,
      1,
      0,
      0,
      0,
      0,
      1,
      0,
      1,
      0,
      1,
      0
    ],
    [
      0,
      0,
      1,
      0,
      0,
      1,
      0,
      0,
      0,
      0,
      0,
      1
    ],
    [
      0,
      0,
      0,
      0,
      0,
      0,
      0,
      0,
      0,
      0,
      1,
      1
    ],
    [
      0,
      0,
      0,
      0,
      0,
      0,
      1,
      1,
      1,
      0,
      0,
      1
    ],
    [
      1,
      1,
      1,
      1,
      1,
      0,
      1,
      1,
      0,
      0,
      0,
      1
    ],
    [
      1,
      0,
      0,
      0,
      0,
      0,
      1,
      0,
      0,
      0,
      0,
      1
    ],
    [
      1,
      0,
      1,
      0,
      0,
      1,
      0,
      0,
      0,
      0,
      0,
      0
    ],
    [
      0,
      0,
      0,
      0,
      1,
      0,
      0,
      0,
      0,
      1,
      0,
      0
    ],
    [
      0,
      0,
      0,
      1,
      1,
      1,
      0,
      0,
      0,
      0,
      0,
      0
    ],
    [
      0,
      0,
      0,
      0,
      1,
      0,
      1,
      0,
      0,
      0,
      0,
      0
    ],
    [
      1,
      0,
      0,
      1,
      0,
      1,
      0,
      1,
      0,
      0,
      0,
      0
    ],
    [
      0,
      0,
      0,
      0,
      1,
      0,
      1,
      0,
      1,
      0,
      1,
      0
    ],
    [
      0,
      0,
      0,
      0,
      0,
      1,
      1,
      0,
      0,
      1,
      1,
      1
    ],
    [
      0,
      0,
      1,
      1,
      0,
      0,
      1,
      1,
      0,
      0,
      0,
      0
    ],
    [
      0,
      0,
      0,
      1,
      1,
      0,
      0,
      0,
      0,
      1,
      0,
      1
    ],
    [
      0,
      1,
      0,
      0,
      0,
      1,
      1,
      0,
      1,
      0,
      0,
      0
    ]
  ],
  "problem_id": "P4_S2",
  "seed": 301
}