{
  "n": 25,
  "m": 12,
  "D": [
    59,
    46,
    71,
    76,
    33,
    73,
    81,
    95,
    72,
    57,
    93,
    82,
    74,
    25,
    39,
    94,
    39,
    27,
    66,
    24,
    19,
    88,
    25,
    43,
    47
  ],
  "p": [
    9.361906768219532,
    5.809423803572509,
    6.74567998582344,
    8.687578079030022,
    4.407941717126215,
    6.073909839323687,
    5.415081845798208,
    4.678259097473005,
    1.9095968462829753,
    7.290009621998408,
    5.04600346938767,
    7.280977688486954,
    9.846008513941984,
    4.853354569698175,
    7.051443272332246,
    7.481072550953783,
    4.203092523532028,
    9.116190393022976,
    5.720864790865878,
    7.085965504061877,
    7.7844497777660315,
    7.5679838603828,
    4.113434606170774,
    6.590990385055743,
    9.430298249935023
  ],
  "c": [
    408.2343569605225,
    198.33019334193992,
    187.63863129225524,
    125.65797912224232,
    235.77278052648674,
    495.0806598469241,
    367.89917429560876,
    294.1699559961522,
    370.77166241449424,
    52.15487000096519,
    284.6732435105327,
    277.43900887053604
  ],
  "U": [
    38,
    189,
    185,
    144,
    79,
    170,
    20,
    81,
    144,
    145,
    80,
    73
  ],
  "a": [
    [
      0,
      1,
      1,
      0,
      1,
      0,
      1,
      1,
      0,
      1,
      0,
      0
    ],
    [
      1,
      0,
      0,
      0,
      0,
      0,
      0,
      0,
      0,
      1,
      0,
      1
    ],
    [
      0,
      0,
      0,
      0,
      0,
      0,
      1,
      1,
      0,
      1,
      1,
      0
    ],
    [
      0,
      0,
      1,
      1,
      1,
      0,
      0,
      0,
      1,
      0,
      0,
      0
    ],
    [
      0,
      0,
      0,
      1,
      1,
      0,
      0,
      0,
      1,
      0,
      0,
      1
    ],
    [
      0,
      0,
      0,
      0,
      1,
      0,
      0,
      0,
      1,
      1,
      1,
      0
    ],
    [
      1,
      0,
      0,
      0,
      0,
      1,
      1,
      0,
      0,
      1,
      0,
      0
    ],
    [
      1,
      1,
      0,
      0,
      0,
      0,
      0,
      1,
      1,
      1,
      1,
      1
    ],
    [
      0,
      1,
      0,
      1,
      0,
      0,
      0,
      0,
      1,
      0,
      0,
      0
    ],
    [
      1,
      0,
      1,
      0,
      1,
      0,
      0,
      0,
      1,
      0,
      0,
      0
    ],
    [
      0,
      0,
      0,
      0,
      0,
      1,
      0,
      1,
      1,
      0,
      0,
      0
    ],
    [
      0,
      0,
      0,
      1,
      0,
      0,
      0,
      1,
      0,
      1,
      1,
      0
    ],
    [
      0,
      0,
      0,
      0,
      0,
      0,
      1,
      0,
      1,
      0,
      0,
      0
    ],
    [
      0,
      0,
      1,
      1,
      0,
      1,
      0,
      0,
      0,
      0,
      1,
      1
    ],
    [
      1,
      0,
      0,
      0,
      0,
      1,
      0,
      1,
      1,
      0,
      1,
      0
    ],
    [
      0,
      1,
      1,
      1,
      0,
      1,
      0,
      0,
      0,
      0,
      0,
      0
    ],
    [
      0,
      0,
      0,
      0,
      0,
      0,
      0,
      0,
      1,
      0,
      0,
      1
    ],
    [
      0,
      0,
      1,
      0,
      0,
      1,
      0,
      0,
      0,
      0,
      0,
      1
    ],
    [
      1,
      0,
      0,
      0,
      1,
      0,
      0,
      0,
      0,
      0,
      0,
      0
    ],
    [
      0,
      0,
      1,
      0,
      0,
      0,
      0,
      0,
      1,
      0,
      0,
      1
    ],
    [
      0,
      1,
      1,
      1,
      0,
      0,
      1,
      0,
      1,
      0,
      0,
      1
    ],
    [
      0,
      0,
      0,
      0,
      0,
      1,
      0,
      0,
      0,
      1,
      0,
      1
    ],
    [
      0,
      0,
      0,
      1,
      1,
      0,
      0,
      0,
      1,
      0,
      0,
      0
    ],
    [
      0,
      0,
      1,
      0,
      0,
      0,
      0,
      0,
      1,
      0,
      0,
      1
    ],
    [
      0,
      1,
      1,
      0,
      0,
      0,
      0,
      1,
      0,
      0,
      1,
      0
    ]
  ],
  "problem_id": "P4_S8",
  "seed": 307
}