{
  "n": 25,
  "m": 12,
  "D": [
    41,
    84,
    91,
    25,
    58,
    61,
    14,
    72,
    43,
    19,
    57,
    32,
    49,
    53,
    83,
    12,
    66,
    70,
    76,
    80,
    32,
    29,
    69,
    97,
    35
  ],
  "p": [
    9.836900250336667,
    6.098590845462249,
    9.151886419904491,
    8.237288069518545,
    1.909961120307314,
    7.756043605354504,
    5.565248257449199,
    6.698974315111961,
    1.7612938386819676,
    2.5321466628340996,
    8.296351585555332,
    6.210373295678023,
    7.020385852208841,
    1.5336283258396104,
    2.6658301806706453,
    6.274566734372283,
    6.497347190051144,
    2.491622852281052,
    4.583343583162025,
    5.274707023641014,
    4.079741434187797,
    2.2019505679099765,
    9.651615847943848,
    6.662352683758341,
    8.854401019510965
  ],
  "c": [
    272.58299121344294,
    318.95341655902695,
    201.58002604444127,
    330.81240953864375,
    179.16942339906055,
    103.8292015252083,
    416.5608355700387,
    289.45779850434405,
    246.24765951760932,
    136.52348734494507,
    236.46816881040866,
    381.1111103339325
  ],
  "U": [
    22,
    138,
    168,
    114,
    145,
    52,
    80,
    32,
    59,
    98,
    40,
    193
  ],
  "a": [
    [
      0,
      1,
      0,
      0,
      0,
      0,
      0,
      1,
      0,
      1,
      0,
      0
    ],
    [
      0,
      0,
      0,
      1,
      0,
      1,
      0,
      1,
      0,
      0,
      1,
      0
    ],
    [
      0,
      1,
      0,
      0,
      0,
      0,
      1,
      0,
      0,
      0,
      1,
      0
    ],
    [
      0,
      0,
      0,
      0,
      1,
      1,
      1,
      0,
      1,
      0,
      0,
      1
    ],
    [
      1,
      0,
      0,
      0,
      0,
      0,
      1,
      0,
      0,
      0,
      0,
      0
    ],
    [
      1,
      0,
      0,
      0,
      1,
      1,
      0,
      1,
      0,
      0,
      0,
      1
    ],
    [
      0,
      0,
      0,
      1,
      0,
      0,
      0,
      0,
      0,
      0,
      0,
      0
    ],
    [
      0,
      0,
      0,
      0,
      0,
      0,
      1,
      0,
      0,
      0,
      0,
      1
    ],
    [
      0,
      0,
      0,
      0,
      1,
      0,
      0,
      0,
      0,
      0,
      0,
      1
    ],
    [
      1,
      0,
      0,
      0,
      0,
      0,
      1,
      1,
      0,
      0,
      0,
      0
    ],
    [
      0,
      1,
      0,
      0,
      0,
      0,
      1,
      1,
      0,
      0,
      1,
      0
    ],
    [
      0,
      1,
      0,
      1,
      1,
      0,
      0,
      1,
      0,
      0,
      0,
      1
    ],
    [
      0,
      1,
      0,
      0,
      1,
      0,
      1,
      1,
      0,
      1,
      1,
      0
    ],
    [
      0,
      0,
      0,
      1,
      1,
      0,
      1,
      1,
      1,
      0,
      1,
      0
    ],
    [
      0,
      0,
      1,
      0,
      0,
      1,
      1,
      1,
      0,
      0,
      1,
      1
    ],
    [
      0,
      0,
      1,
      1,
      1,
      0,
      1,
      0,
      1,
      0,
      0,
      1
    ],
    [
      0,
      0,
      1,
      0,
      0,
      0,
      0,
      0,
      0,
      0,
      0,
      1
    ],
    [
      0,
      0,
      0,
      0,
      0,
      0,
      1,
      0,
      0,
      0,
      0,
      1
    ],
    [
      1,
      0,
      1,
      1,
      0,
      0,
      1,
      0,
      0,
      1,
      0,
      0
    ],
    [
      0,
      0,
      1,
      1,
      0,
      0,
      0,
      0,
      0,
      0,
      0,
      0
    ],
    [
      1,
      1,
      1,
      0,
      0,
      0,
      0,
      0,
      0,
      0,
      0,
      0
    ],
    [
      0,
      1,
      0,
      0,
      0,
      1,
      1,
      0,
      0,
      0,
      0,
      0
    ],
    [
      0,
      1,
      0,
      0,
      1,
      0,
      1,
      1,
      0,
      0,
      0,
      1
    ],
    [
      0,
      0,
      0,
      0,
      0,
      0,
      0,
      0,
      1,
      0,
      0,
      1
    ],
    [
      1,
      0,
      0,
      0,
      0,
      0,
      0,
      0,
      1,
      0,
      0,
      0
    ]
  ],
  "problem_id": "P4_S5",
  "seed": 304
}