{
  "n": 25,
  "m": 12,
  "D": [
    51,
    33,
    93,
    69,
    78,
    51,
    92,
    47,
    55,
    44,
    64,
    40,
    35,
    15,
    17,
    52,
    15,
    59,
    75,
    46,
    23,
    23,
    79,
    40,
    79
  ],
  "p": [
    1.744010922380275,
    9.624944164917341,
    1.2977747408741087,
    5.678106207341886,
    7.005538754853909,
    1.5022518118683343,
    1.6248724765407663,
    2.2813388480240944,
    8.087686994378846,
    7.264342977184147,
    6.425003858457455,
    6.728649178951697,
    5.59404039812927,
    3.1680044548823445,
    4.758277176794006,
    5.3678714272121635,
    7.48238355372933,
    4.488024758722148,
    5.360833521046424,
    9.404083560451758,
    8.114097016415258,
    6.634920049871949,
    8.529551252399173,
    6.896980931860882,
    6.311272263369804
  ],
  "c": [
    341.5842642151588,
    101.5803772001526,
    382.18767461482554,
    458.33414504452077,
    93.60888658979964,
    445.1732394011411,
    463.6895556533071,
    145.2384452806482,
    451.6235973828341,
    281.7453994531743,
    350.7529502547228,
    138.82978199710607
  ],
  "U": [
    188,
    59,
    26,
    53,
    166,
    87,
    45,
    54,
    143,
    187,
    60,
    99
  ],
  "a": [
    [
      0,
      0,
      0,
      0,
      0,
      0,
      0,
      1,
      1,
      1,
      1,
      1
    ],
    [
      0,
      0,
      0,
      0,
      0,
      0,
      0,
      1,
      0,
      0,
      0,
      0
    ],
    [
      1,
      0,
      0,
      0,
      0,
      0,
      0,
      0,
      1,
      0,
      0,
      0
    ],
    [
      1,
      0,
      0,
      0,
      1,
      0,
      0,
      0,
      0,
      0,
      1,
      0
    ],
    [
      1,
      0,
      1,
      1,
      0,
      0,
      0,
      0,
      0,
      1,
      0,
      0
    ],
    [
      0,
      0,
      1,
      0,
      0,
      0,
      0,
      0,
      0,
      0,
      1,
      0
    ],
    [
      1,
      0,
      0,
      0,
      0,
      0,
      0,
      1,
      1,
      1,
      0,
      0
    ],
    [
      0,
      0,
      0,
      0,
      0,
      1,
      0,
      0,
      1,
      1,
      0,
      0
    ],
    [
      0,
      1,
      0,
      0,
      0,
      0,
      0,
      0,
      1,
      0,
      1,
      0
    ],
    [
      0,
      0,
      1,
      0,
      0,
      0,
      1,
      0,
      0,
      1,
      0,
      0
    ],
    [
      0,
      1,
      0,
      1,
      0,
      0,
      1,
      0,
      0,
      1,
      1,
      0
    ],
    [
      0,
      0,
      0,
      1,
      0,
      0,
      0,
      0,
      0,
      0,
      0,
      0
    ],
    [
      0,
      0,
      0,
      0,
      0,
      1,
      0,
      1,
      1,
      0,
      0,
      0
    ],
    [
      0,
      1,
      0,
      1,
      0,
      0,
      0,
      0,
      1,
      1,
      0,
      1
    ],
    [
      1,
      0,
      0,
      0,
      1,
      0,
      1,
      0,
      0,
      0,
      0,
      0
    ],
    [
      1,
      1,
      0,
      1,
      1,
      1,
      0,
      0,
      1,
      1,
      0,
      0
    ],
    [
      1,
      0,
      0,
      0,
      1,
      0,
      0,
      0,
      0,
      1,
      0,
      0
    ],
    [
      1,
      0,
      0,
      0,
      0,
      0,
      0,
      0,
      0,
      0,
      0,
      0
    ],
    [
      0,
      0,
      1,
      0,
      0,
      0,
      1,
      0,
      0,
      0,
      1,
      0
    ],
    [
      0,
      0,
      0,
      0,
      0,
      1,
      0,
      0,
      1,
      0,
      0,
      0
    ],
    [
      0,
      1,
      1,
      0,
      0,
      0,
      1,
      1,
      0,
      0,
      0,
      0
    ],
    [
      0,
      1,
      0,
      0,
      1,
      0,
      1,
      0,
      0,
      0,
      0,
      1
    ],
    [
      0,
      1,
      0,
      0,
      0,
      0,
      0,
      0,
      0,
      0,
      0,
      0
    ],
    [
      0,
      0,
      0,
      0,
      0,
      0,
      0,
      0,
      1,
      0,
      0,
      1
    ],
    [
      0,
      1,
      1,
      0,
      0,
      0,
      0,
      0,
      0,
      0,
      1,
      0
    ]
  ],
  "problem_id": "P4_S6",
  "seed": 305
}