{
  "n": 25,
  "m": 12,
  "D": [
    43,
    17,
    30,
    27,
    77,
    85,
    61,
    95,
    23,
    86,
    34,
    90,
    26,
    50,
    53,
    25,
    55,
    19,
    74,
    28,
    10,
    51,
    97,
    30,
    54
  ],
  "p": [
    4.0114474787583525,
    8.350897219440334,
    9.769281188136919,
    2.402439290835618,
    5.913738229032152,
    4.408498991852508,
    2.1034115273652567,
    6.1585094729715815,
    7.382544585373964,
    6.2642585943614755,
    3.662644526910208,
    4.308872818248812,
    5.5837862311874975,
    1.0753463984968923,
    5.519388164922162,
    4.173265096845373,
    6.802510103627316,
    2.149586451483244,
    7.291946955027268,
    9.192178743343167,
    8.888412913160982,
    4.400318830496214,
    6.279215700411672,
    3.1949754391964964,
    3.4639962234174813
  ],
  "c": [
    185.1378780499866,
    473.5492359372456,
    232.5994466289775,
    493.0065630143728,
    293.5733596548963,
    111.43701102147745,
    427.44924401006506,
    454.8841709955277,
    179.93861060138363,
    338.6755097734421,
    453.5695897267937,
    363.456487080053
  ],
  "U": [
    43,
    158,
    194,
    83,
    65,
    165,
    142,
    43,
    191,
    73,
    170,
    141
  ],
  "a": [
    [
      0,
      0,
      1,
      0,
      0,
      0,
      0,
      0,
      1,
      0,
      0,
      1
    ],
    [
      0,
      0,
      0,
      0,
      1,
      1,
      0,
      1,
      1,
      0,
      1,
      1
    ],
    [
      1,
      0,
      0,
      0,
      0,
      1,
      1,
      1,
      0,
      0,
      0,
      0
    ],
    [
      1,
      1,
      0,
      0,
      1,
      1,
      1,
      0,
      0,
      0,
      1,
      0
    ],
    [
      0,
      0,
      1,
      0,
      0,
      0,
      0,
      1,
      0,
      0,
      0,
      1
    ],
    [
      0,
      1,
      1,
      0,
      1,
      1,
      0,
      0,
      0,
      1,
      0,
      0
    ],
    [
      0,
      0,
      1,
      0,
      0,
      0,
      0,
      0,
      1,
      0,
      1,
      0
    ],
    [
      0,
      0,
      0,
      0,
      1,
      0,
      0,
      0,
      0,
      0,
      0,
      1
    ],
    [
      0,
      0,
      0,
      0,
      0,
      0,
      1,
      1,
      0,
      0,
      0,
      0
    ],
    [
      0,
      0,
      1,
      0,
      0,
      0,
      0,
      0,
      0,
      1,
      0,
      1
    ],
    [
      0,
      1,
      0,
      0,
      0,
      0,
      0,
      0,
      1,
      1,
      0,
      0
    ],
    [
      0,
      0,
      0,
      1,
      0,
      0,
      0,
      0,
      0,
      0,
      0,
      1
    ],
    [
      0,
      1,
      1,
      0,
      0,
      0,
      1,
      0,
      0,
      0,
      0,
      1
    ],
    [
      0,
      1,
      0,
      0,
      0,
      1,
      1,
      0,
      1,
      0,
      0,
      0
    ],
    [
      0,
      1,
      1,
      0,
      0,
      0,
      1,
      1,
      0,
      0,
      0,
      1
    ],
    [
      0,
      0,
      0,
      0,
      0,
      0,
      1,
      1,
      0,
      1,
      0,
      0
    ],
    [
      0,
      0,
      1,
      0,
      0,
      0,
      0,
      0,
      1,
      0,
      0,
      1
    ],
    [
      0,
      1,
      0,
      0,
      0,
      0,
      0,
      1,
      0,
      0,
      1,
      0
    ],
    [
      1,
      0,
      0,
      1,
      0,
      0,
      0,
      1,
      1,
      0,
      1,
      0
    ],
    [
      0,
      0,
      0,
      0,
      1,
      0,
      1,
      0,
      0,
      0,
      0,
      0
    ],
    [
      0,
      0,
      1,
      0,
      1,
      0,
      0,
      0,
      0,
      0,
      0,
      0
    ],
    [
      0,
      0,
      0,
      1,
      0,
      1,
      0,
      1,
      1,
      0,
      1,
      1
    ],
    [
      0,
      1,
      1,
      0,
      0,
      0,
      1,
      0,
      1,
      0,
      1,
      1
    ],
    [
      0,
      0,
      0,
      0,
      0,
      0,
      0,
      0,
      0,
      0,
      1,
      0
    ],
    [
      1,
      0,
      1,
      0,
      1,
      0,
      0,
      0,
      0,
      1,
      0,
      0
    ]
  ],
  "problem_id": "P4_S10",
  "seed": 309
}