{
  "n": 25,
  "m": 12,
  "D": [
    85,
    48,
    95,
    92,
    97,
    70,
    71,
    41,
    100,
    56,
    42,
    37,
    76,
    11,
    74,
    85,
    85,
    37,
    85,
    41,
    84,
    28,
    36,
    13,
    97
  ],
  "p": [
    5.0,
    5.0,
    5.0,
    5.0,
    5.0,
    5.0,
    5.0,
    5.0,
    5.0,
    5.0,
    5.0,
    5.0,
    5.0,
    5.0,
    5.0,
    5.0,
    5.0,
    5.0,
    5.0,
    5.0,
    5.0,
    5.0,
    5.0,
    5.0,
    5.0
  ],
  "c": [
    153.3007496201781,
    439.2809872847421,
    57.77581463713855,
    272.8568945364078,
    349.33694775874267,
    75.97252913793322,
    171.7662702165965,
    151.89333255482333,
    315.0488001367517,
    222.7921328143172,
    107.61388454931658,
    71.59826611404775
  ],
  "U": [
    79,
    144,
    38,
    149,
    184,
    41,
    121,
    58,
    126,
    134,
    50,
    31
  ],
  "a": [
    [
      0,
      1,
      1,
      1,
      1,
      1,
      0,
      1,
      1,
      1,
      0,
      1
    ],
    [
      1,
      0,
      1,
      0,
      1,
      0,
      1,
      0,
      1,
      0,
      0,
      0
    ],
    [
      0,
      1,
      0,
      0,
      1,
      0,
      1,
      0,
      0,
      0,
      0,
      0
    ],
    [
      0,
      0,
      0,
      1,
      1,
      1,
      1,
      0,
      0,
      0,
      1,
      1
    ],
    [
      1,
      0,
      0,
      0,
      1,
      1,
      0,
      0,
      0,
      0,
      0,
      1
    ],
    [
      0,
      0,
      0,
      0,
      0,
      0,
      0,
      0,
      1,
      1,
      0,
      0
    ],
    [
      0,
      0,
      0,
      0,
      0,
      1,
      1,
      1,
      0,
      1,
      1,
      0
    ],
    [
      1,
      1,
      1,
      0,
      1,
      0,
      0,
      1,
      0,
      0,
      0,
      0
    ],
    [
      1,
      0,
      0,
      0,
      1,
      0,
      1,
      0,
      0,
      0,
      1,
      0
    ],
    [
      0,
      0,
      1,
      0,
      0,
      0,
      0,
      1,
      0,
      0,
      1,
      0
    ],
    [
      0,
      1,
      0,
      1,
      0,
      1,
      1,
      0,
      0,
      1,
      0,
      0
    ],
    [
      1,
      0,
      0,
      0,
      0,
      0,
      0,
      0,
      0,
      0,
      0,
      0
    ],
    [
      0,
      0,
      0,
      0,
      0,
      0,
      0,
      0,
      0,
      1,
      0,
      1
    ],
    [
      0,
      0,
      0,
      0,
      0,
      0,
      0,
      0,
      0,
      1,
      0,
      1
    ],
    [
      0,
      1,
      0,
      0,
      0,
      0,
      0,
      0,
      0,
      1,
      0,
      0
    ],
    [
      0,
      0,
      1,
      0,
      0,
      1,
      0,
      0,
      0,
      0,
      0,
      1
    ],
    [
      1,
      0,
      0,
      0,
      0,
      0,
      0,
      0,
      0,
      0,
      0,
      0
    ],
    [
      0,
      0,
      0,
      0,
      0,
      0,
      1,
      0,
      0,
      1,
      0,
      0
    ],
    [
      0,
      1,
      0,
      0,
      1,
      0,
      0,
      0,
      1,
      0,
      0,
      1
    ],
    [
      0,
      0,
      0,
      0,
      0,
      0,
      1,
      0,
      0,
      0,
      0,
      0
    ],
    [
      0,
      1,
      0,
      1,
      0,
      1,
      0,
      0,
      1,
      0,
      0,
      1
    ],
    [
      0,
      1,
      0,
      1,
      0,
      1,
      1,
      0,
      0,
      0,
      1,
      1
    ],
    [
      0,
      0,
      1,
      0,
      1,
      0,
      1,
      0,
      1,
      0,
      0,
      0
    ],
    [
      0,
      1,
      0,
      0,
      0,
      0,
      0,
      1,
      1,
      1,
      0,
      1
    ],
    [
      0,
      1,
      0,
      0,
      0,
      0,
      0,
      0,
      1,
      0,
      1,
      0
    ]
  ],
  "problem_id": "P4_S4",
  "seed": 303
}