{
  "n": 25,
  "m": 12,
  "D": [
    41,
    61,
    41,
    42,
    50,
    57,
    69,
    22,
    13,
    41,
    88,
    26,
    74,
    60,
    83,
    43,
    53,
    72,
    67,
    77,
    64,
    56,
    13,
    45,
    78
  ],
  "p": [
    5.0,
    5.0,
    5.0,
    5.0,
    5.0,
    5.0,
    5.0,
    5.0,
    5.0,
    5.0,
    5.0,
    5.0,
    5.0,
    5.0,
    5.0,
    5.0,
    5.0,
    5.0,
    5.0,
    5.0,
    5.0,
    5.0,
    5.0,
    5.0,
    5.0
  ],
  "c": [
    349.7236154947856,
    69.35258568843739,
    206.56867526262323,
    52.17044385779757,
    194.51586486106396,
    451.6080038758605,
    293.4725194413883,
    74.29905603323601,
    433.1062827164793,
    512.318121447591,
    399.67760515332753,
    86.46287429000417
  ],
  "U": [
    177,
    60,
    115,
    44,
    115,
    163,
    180,
    52,
    164,
    192,
    191,
    46
  ],
  "a": [
    [
      1,
      0,
      0,
      1,
      0,
      0,
      1,
      0,
      0,
      0,
      0,
      0
    ],
    [
      1,
      0,
      0,
      0,
      0,
      0,
      1,
      0,
      1,
      1,
      0,
      0
    ],
    [
      0,
      1,
      0,
      0,
      0,
      1,
      0,
      0,
      0,
      0,
      1,
      0
    ],
    [
      0,
      0,
      0,
      0,
      0,
      0,
      0,
      1,
      0,
      0,
      0,
      0
    ],
    [
      1,
      0,
      0,
      0,
      1,
      0,
      0,
      1,
      0,
      0,
      0,
      0
    ],
    [
      1,
      0,
      0,
      0,
      1,
      1,
      0,
      1,
      0,
      0,
      0,
      0
    ],
    [
      0,
      0,
      0,
      0,
      0,
      1,
      0,
      0,
      0,
      0,
      0,
      0
    ],
    [
      0,
      0,
      1,
      1,
      1,
      0,
      1,
      0,
      1,
      0,
      1,
      0
    ],
    [
      0,
      1,
      0,
      0,
      1,
      1,
      0,
      0,
      0,
      0,
      1,
      1
    ],
    [
      1,
      0,
      0,
      1,
      0,
      0,
      1,
      1,
      0,
      1,
      0,
      0
    ],
    [
      0,
      0,
      1,
      1,
      0,
      0,
      0,
      0,
      0,
      0,
      0,
      0
    ],
    [
      0,
      0,
      1,
      1,
      0,
      0,
      1,
      1,
      0,
      0,
      0,
      0
    ],
    [
      0,
      1,
      0,
      0,
      0,
      0,
      0,
      0,
      0,
      0,
      0,
      1
    ],
    [
      0,
      0,
      1,
      0,
      0,
      0,
      0,
      1,
      0,
      0,
      0,
      0
    ],
    [
      0,
      0,
      0,
      0,
      1,
      0,
      0,
      0,
      0,
      0,
      1,
      0
    ],
    [
      1,
      0,
      0,
      0,
      1,
      0,
      0,
      1,
      0,
      0,
      0,
      1
    ],
    [
      0,
      0,
      0,
      0,
      0,
      0,
      0,
      1,
      0,
      0,
      0,
      0
    ],
    [
      0,
      0,
      1,
      1,
      0,
      0,
      0,
      0,
      1,
      0,
      0,
      0
    ],
    [
      0,
      0,
      1,
      0,
      0,
      0,
      0,
      0,
      1,
      0,
      0,
      0
    ],
    [
      1,
      0,
      1,
      0,
      1,
      1,
      1,
      0,
      0,
      1,
      0,
      0
    ],
    [
      0,
      0,
      0,
      1,
      0,
      0,
      0,
      1,
      0,
      0,
      1,
      1
    ],
    [
      0,
      0,
      0,
      0,
      1,
      1,
      0,
      0,
      0,
      0,
      0,
      1
    ],
    [
      0,
      1,
      0,
      0,
      0,
      0,
      0,
      0,
      0,
      0,
      1,
      1
    ],
    [
      0,
      1,
      0,
      0,
      0,
      0,
      0,
      1,
      0,
      1,
      0,
      1
    ],
    [
      1,
      0,
      0,
      0,
      0,
      1,
      0,
      0,
      0,
      0,
      1,
      1
    ]
  ],
  "problem_id": "P4_S9",
  "seed": 308
}