{
  "n": 25,
  "m": 12,
  "D": [
    35,
    91,
    19,
    89,
    25,
    49,
    70,
    49,
    27,
    31,
    20,
    100,
    98,
    26,
    20,
    10,
    44,
    22,
    95,
    32,
    91,
    65,
    59,
    20,
    55
  ],
  "p": [
    3.2215074496343723,
    1.1820047429505185,
    1.8254551744836807,
    2.010861659863867,
    5.812124408858987,
    7.035988699568754,
    6.690355584953399,
    9.976983183358417,
    2.2002297582611194,
    9.013752167227265,
    9.821983996052413,
    7.515133746703593,
    6.871382520797955,
    5.463201361328888,
    6.822637613078134,
    5.3494379680261614,
    8.021150468538437,
    1.359179599913553,
    6.136908566191239,
    1.3204238113714761,
    6.472669251229051,
    9.01635207818165,
    1.653276304417817,
    5.131689126129006,
    2.5576140692925025
  ],
  "c": [
    127.4391601284786,
    292.797086549019,
    94.902977675584,
    285.5969890506063,
    416.0621648543299,
    387.9711852330783,
    420.03935214237043,
    316.8819394589118,
    429.4183589117562,
    113.82745242554157,
    490.89387485270527,
    213.010529118843
  ],
  "U": [
    174,
    195,
    172,
    123,
    99,
    85,
    133,
    161,
    76,
    157,
    200,
    88
  ],
  "a": [
    [
      1,
      0,
      0,
      1,
      0,
      0,
      0,
      1,
      1,
      0,
      0,
      0
    ],
    [
      1,
      0,
      0,
      0,
      0,
      1,
      1,
      1,
      0,
      1,
      0,
      0
    ],
    [
      1,
      0,
      0,
      0,
      0,
      0,
      0,
      0,
      1,
      0,
      1,
      0
    ],
    [
      1,
      0,
      0,
      1,
      1,
      1,
      1,
      0,
      0,
      0,
      0,
      0
    ],
    [
      0,
      0,
      0,
      1,
      0,
      1,
      0,
      0,
      0,
      1,
      0,
      0
    ],
    [
      0,
      0,
      0,
      0,
      0,
      0,
      1,
      0,
      0,
      0,
      0,
      0
    ],
    [
      1,
      0,
      1,
      0,
      0,
      0,
      1,
      1,
      0,
      0,
      0,
      0
    ],
    [
      0,
      1,
      0,
      0,
      1,
      0,
      1,
      1,
      1,
      0,
      0,
      0
    ],
    [
      1,
      1,
      0,
      0,
      0,
      1,
      0,
      1,
      0,
      0,
      0,
      1
    ],
    [
      0,
      1,
      0,
      0,
      0,
      0,
      0,
      0,
      0,
      1,
      0,
      0
    ],
    [
      0,
      0,
      1,
      0,
      0,
      0,
      0,
      0,
      0,
      0,
      1,
      1
    ],
    [
      0,
      0,
      0,
      0,
      0,
      0,
      0,
      0,
      0,
      0,
      1,
      0
    ],
    [
      0,
      0,
      0,
      0,
      0,
      0,
      0,
      0,
      0,
      1,
      0,
      1
    ],
    [
      1,
      0,
      0,
      0,
      0,
      0,
      1,
      1,
      1,
      0,
      0,
      0
    ],
    [
      1,
      0,
      0,
      0,
      0,
      0,
      0,
      0,
      0,
      0,
      1,
      1
    ],
    [
      0,
      0,
      1,
      1,
      0,
      0,
      1,
      0,
      0,
      1,
      0,
      1
    ],
    [
      1,
      0,
      0,
      0,
      0,
      0,
      0,
      1,
      0,
      1,
      0,
      0
    ],
    [
      1,
      0,
      1,
      0,
      1,
      0,
      1,
      0,
      0,
      0,
      1,
      0
    ],
    [
      1,
      0,
      0,
      1,
      0,
      1,
      1,
      0,
      0,
      0,
      0,
      0
    ],
    [
      0,
      1,
      0,
      0,
      0,
      1,
      0,
      1,
      0,
      1,
      0,
      1
    ],
    [
      1,
      0,
      0,
      1,
      0,
      0,
      1,
      0,
      0,
      0,
      0,
      0
    ],
    [
      0,
      1,
      1,
      0,
      1,
      0,
      0,
      0,
      0,
      1,
      0,
      0
    ],
    [
      0,
      0,
      0,
      0,
      1,
      0,
      1,
      0,
      0,
      0,
      1,
      0
    ],
    [
      0,
      0,
      0,
      0,
      0,
      1,
      1,
      1,
      0,
      1,
      0,
      0
    ],
    [
      1,
      1,
      1,
      1,
      0,
      0,
      1,
      0,
      1,
      0,
      0,
      1
    ]
  ],
  "problem_id": "P4_S7",
  "seed": 306
}