{
  "n": 25,
  "m": 12,
  "D": [
    45,
    14,
    72,
    39,
    31,
    34,
    71,
    43,
    49,
    92,
    11,
    20,
    29,
    87,
    61,
    53,
    35,
    86,
    43,
    82,
    63,
    98,
    93,
    58,
    18
  ],
  "p": [
    3.156528389098761,
    7.59216246862121,
    8.596114266447291,
    6.096282651613889,
    8.355655465387192,
    4.110170472867197,
    9.562298110087644,
    9.442559487610469,
    5.688901427284601,
    2.4343488656686203,
    8.733365296057094,
    3.8041399785879593,
    4.024460644173686,
    5.324844492930161,
    2.327173308845345,
    5.293183799208589,
    1.8286707093327288,
    5.5355931072044084,
    4.410623362518956,
    6.085159781332237,
    9.774245334707828,
    2.2520816870893845,
    2.9955561767781416,
    4.689235542005985,
    9.82422802484918
  ],
  "c": [
    265.02060053452817,
    333.8879821509452,
    475.5830271714898,
    251.02592896253205,
    393.6591080974241,
    73.12042534671129,
    167.72831604307254,
    301.07483268109803,
    308.84835212235646,
    58.76172930992764,
    215.43907260713664,
    337.4132167881109
  ],
  "U": [
    97,
    33,
    73,
    91,
    177,
    49,
    103,
    53,
    44,
    145,
    90,
    29
  ],
  "a": [
    [
      0,
      0,
      0,
      1,
      0,
      0,
      0,
      0,
      0,
      0,
      0,
      1
    ],
    [
      0,
      0,
      1,
      0,
      0,
      1,
      1,
      0,
      0,
      1,
      1,
      0
    ],
    [
      0,
      1,
      0,
      0,
      0,
      0,
      1,
      1,
      0,
      1,
      1,
      1
    ],
    [
      0,
      0,
      1,
      0,
      0,
      0,
      1,
      0,
      1,
      0,
      0,
      0
    ],
    [
      0,
      1,
      0,
      0,
      0,
      1,
      0,
      1,
      1,
      0,
      0,
      0
    ],
    [
      0,
      0,
      0,
      1,
      1,
      0,
      1,
      0,
      0,
      0,
      1,
      0
    ],
    [
      0,
      0,
      0,
      0,
      0,
      0,
      0,
      0,
      1,
      0,
      0,
      0
    ],
    [
      0,
      0,
      0,
      0,
      0,
      0,
      1,
      0,
      1,
      1,
      1,
      0
    ],
    [
      0,
      0,
      0,
      0,
      0,
      0,
      1,
      0,
      0,
      0,
      1,
      1
    ],
    [
      0,
      0,
      0,
      1,
      0,
      0,
      0,
      1,
      0,
      0,
      0,
      1
    ],
    [
      0,
      0,
      1,
      0,
      1,
      0,
      0,
      1,
      0,
      0,
      0,
      0
    ],
    [
      0,
      0,
      0,
      1,
      0,
      0,
      0,
      0,
      0,
      0,
      0,
      0
    ],
    [
      1,
      0,
      1,
      0,
      0,
      0,
      1,
      0,
      1,
      1,
      1,
      0
    ],
    [
      0,
      0,
      0,
      0,
      1,
      0,
      0,
      0,
      0,
      1,
      0,
      1
    ],
    [
      0,
      0,
      1,
      0,
      1,
      0,
      1,
      1,
      0,
      1,
      0,
      1
    ],
    [
      0,
      0,
      0,
      0,
      0,
      0,
      0,
      1,
      0,
      0,
      0,
      0
    ],
    [
      0,
      1,
      1,
      0,
      0,
      0,
      0,
      1,
      0,
      0,
      0,
      0
    ],
    [
      0,
      0,
      0,
      1,
      1,
      1,
      1,
      1,
      0,
      1,
      1,
      1
    ],
    [
      0,
      0,
      0,
      1,
      0,
      0,
      0,
      0,
      1,
      1,
      0,
      0
    ],
    [
      0,
      0,
      0,
      1,
      0,
      0,
      0,
      0,
      0,
      0,
      0,
      0
    ],
    [
      0,
      0,
      0,
      0,
      0,
      0,
      0,
      0,
      1,
      1,
      0,
      0
    ],
    [
      0,
      0,
      0,
      1,
      0,
      0,
      0,
      0,
      0,
      0,
      0,
      0
    ],
    [
      1,
      0,
      0,
      0,
      0,
      1,
      0,
      1,
      0,
      0,
      1,
      0
    ],
    [
      0,
      0,
      1,
      0,
      1,
      1,
      0,
      0,
      1,
      0,
      1,
      0
    ],
    [
      1,
      1,
      1,
      0,
      0,
      0,
      0,
      0,
      1,
      0,
      0,
      0
    ]
  ],
  "problem_id": "P4_S3",
  "seed": 302
}