{
  "n": 25,
  "m": 12,
  "D": [
    69,
    28,
    11,
    46,
    31,
    48,
    82,
    40,
    21,
    62,
    89,
    100,
    59,
    46,
    48,
    59,
    61,
    96,
    82,
    50,
    94,
    13,
    40,
    85,
    48
  ],
  "p": [
    2.229180655227548,
    5.688984624967445,
    7.016801335627843,
    8.343509283415855,
    8.886417095240327,
    4.291857247517303,
    2.7556363911283532,
    2.3682266904803275,
    1.6625182778480299,
    3.2439893376442894,
    6.179004445144811,
    1.2112305363177691,
    9.081360204423213,
    7.283910686013983,
    8.221054120820407,
    3.839160775706423,
    1.031679752307671,
    4.250092807730371,
    7.008482122201777,
    2.4383003183925895,
    5.592995993588344,
    6.9618814077014415,
    5.452146965087043,
    1.4782752795825038,
    2.2587575941838938
  ],
  "c": [
    120.75992019064715,
    344.38159182688753,
    458.22304863440417,
    424.6460841150172,
    359.3731993040745,
    163.3588137765439,
    241.31084695732864,
    147.39120743125454,
    424.8173752151597,
    447.98505783477304,
    224.9142554766105,
    94.6359116747469
  ],
  "U": [
    87,
    20,
    142,
    104,
    186,
    182,
    98,
    166,
    134,
    112,
    81,
    102
  ],
  "a": [
    [
      1,
      0,
      1,
      0,
      1,
      0,
      0,
      0,
      0,
      1,
      0,
      0
    ],
    [
      0,
      1,
      0,
      0,
      1,
      0,
      0,
      1,
      0,
      0,
      0,
      0
    ],
    [
      0,
      1,
      0,
      0,
      1,
      0,
      1,
      1,
      0,
      0,
      0,
      0
    ],
    [
      0,
      0,
      1,
      0,
      0,
      0,
      0,
      1,
      0,
      0,
      0,
      0
    ],
    [
      0,
      0,
      1,
      1,
      0,
      0,
      0,
      1,
      1,
      0,
      0,
      1
    ],
    [
      1,
      0,
      1,
      0,
      0,
      1,
      0,
      0,
      0,
      0,
      1,
      0
    ],
    [
      1,
      1,
      0,
      0,
      0,
      1,
      1,
      0,
      0,
      0,
      0,
      1
    ],
    [
      1,
      0,
      0,
      1,
      1,
      0,
      1,
      0,
      1,
      0,
      1,
      0
    ],
    [
      0,
      1,
      1,
      0,
      0,
      0,
      0,
      0,
      0,
      0,
      0,
      1
    ],
    [
      1,
      1,
      0,
      0,
      1,
      1,
      1,
      0,
      1,
      0,
      0,
      0
    ],
    [
      0,
      0,
      0,
      1,
      1,
      0,
      1,
      0,
      0,
      1,
      0,
      1
    ],
    [
      0,
      0,
      0,
      0,
      0,
      0,
      1,
      1,
      1,
      0,
      1,
      1
    ],
    [
      0,
      0,
      0,
      0,
      0,
      0,
      0,
      0,
      1,
      1,
      0,
      0
    ],
    [
      0,
      0,
      0,
      1,
      1,
      0,
      1,
      0,
      0,
      0,
      0,
      0
    ],
    [
      0,
      1,
      0,
      0,
      1,
      0,
      0,
      1,
      0,
      0,
      0,
      1
    ],
    [
      1,
      0,
      1,
      1,
      0,
      0,
      0,
      1,
      0,
      0,
      1,
      0
    ],
    [
      0,
      0,
      0,
      0,
      0,
      1,
      0,
      1,
      1,
      1,
      0,
      0
    ],
    [
      0,
      0,
      0,
      1,
      0,
      1,
      0,
      0,
      1,
      0,
      0,
      0
    ],
    [
      0,
      0,
      0,
      0,
      1,
      1,
      0,
      0,
      0,
      0,
      1,
      0
    ],
    [
      0,
      1,
      1,
      0,
      0,
      0,
      0,
      1,
      0,
      0,
      0,
      0
    ],
    [
      1,
      0,
      0,
      0,
      0,
      1,
      0,
      0,
      0,
      1,
      0,
      0
    ],
    [
      1,
      0,
      1,
      0,
      0,
      0,
      0,
      0,
      1,
      1,
      0,
      1
    ],
    [
      0,
      0,
      0,
      1,
      0,
      0,
      1,
      1,
      0,
      1,
      0,
      0
    ],
    [
      0,
      0,
      0,
      0,
      0,
      1,
      0,
      0,
      0,
      0,
      1,
      0
    ],
    [
      1,
      0,
      0,
      1,
      0,
      0,
      0,
      0,
      0,
      0,
      0,
      1
    ]
  ],
  "problem_id": "P4_S4",
  "seed": 303
}