{
  "n": 25,
  "m": 12,
  "D": [
    65,
    76,
    39,
    50,
    34,
    25,
    42,
    42,
    26,
    94,
    54,
    53,
    36,
    24,
    15,
    31,
    47,
    23,
    73,
    90,
    72,
    95,
    86,
    33,
    41
  ],
  "p": [
    5.859714495493635,
    2.1642594716351375,
    3.1410972187160477,
    6.907143081357523,
    3.378275881080386,
    1.129240908166975,
    5.922402643754172,
    1.0780686588279256,
    2.67547916443494,
    4.514879388552563,
    2.4168233984105774,
    4.430684358513927,
    4.403670205108795,
    2.7754763923858774,
    4.453247213789272,
    4.862479151177889,
    1.3125956200029036,
    8.433281771262639,
    2.1739454423590723,
    9.005129207120007,
    8.450664946184673,
    3.8769272765402767,
    7.238239732637023,
    7.35288543854532,
    3.397754933246221
  ],
  "c": [
    395.18826740007364,
    473.7127338841401,
    359.9230203791488,
    465.37346473956484,
    322.6341570192594,
    229.42183127919864,
    392.846412347093,
    128.0194824814376,
    272.8987592766845,
    439.3305909439044,
    184.49692620999173,
    308.0455095314141
  ],
  "U": [
    52,
    21,
    108,
    49,
    122,
    193,
    173,
    183,
    44,
    136,
    62,
    149
  ],
  "a": [
    [
      0,
      0,
      0,
      1,
      0,
      0,
      1,
      1,
      0,
      0,
      0,
      0
    ],
    [
      1,
      1,
      1,
      0,
      0,
      0,
      0,
      0,
      1,
      0,
      1,
      0
    ],
    [
      0,
      0,
      0,
      1,
      1,
      0,
      0,
      0,
      0,
      0,
      0,
      1
    ],
    [
      0,
      0,
      0,
      0,
      1,
      0,
      0,
      0,
      0,
      0,
      0,
      0
    ],
    [
      1,
      0,
      0,
      1,
      0,
      0,
      0,
      0,
      0,
      0,
      0,
      0
    ],
    [
      0,
      0,
      0,
      0,
      1,
      1,
      1,
      0,
      0,
      1,
      0,
      1
    ],
    [
      0,
      1,
      0,
      1,
      0,
      1,
      0,
      1,
      0,
      0,
      0,
      0
    ],
    [
      0,
      1,
      1,
      1,
      0,
      0,
      0,
      0,
      0,
      0,
      0,
      0
    ],
    [
      1,
      0,
      0,
      0,
      0,
      0,
      0,
      0,
      0,
      0,
      1,
      1
    ],
    [
      0,
      1,
      0,
      0,
      1,
      0,
      0,
      1,
      0,
      1,
      0,
      0
    ],
    [
      1,
      0,
      1,
      1,
      1,
      0,
      1,
      0,
      1,
      0,
      1,
      0
    ],
    [
      0,
      0,
      0,
      1,
      0,
      0,
      0,
      0,
      0,
      0,
      1,
      0
    ],
    [
      1,
      0,
      0,
      0,
      0,
      0,
      0,
      1,
      0,
      1,
      1,
      0
    ],
    [
      0,
      0,
      0,
      1,
      1,
      0,
      1,
      0,
      0,
      0,
      1,
      0
    ],
    [
      0,
      1,
      0,
      1,
      0,
      0,
      0,
      0,
      0,
      1,
      1,
      0
    ],
    [
      0,
      0,
      1,
      0,
      0,
      0,
      0,
      1,
      1,
      0,
      0,
      0
    ],
    [
      1,
      0,
      0,
      0,
      0,
      0,
      0,
      0,
      1,
      0,
      1,
      0
    ],
    [
      1,
      0,
      0,
      0,
      0,
      0,
      0,
      0,
      1,
      1,
      0,
      0
    ],
    [
      1,
      0,
      0,
      0,
      0,
      0,
      1,
      1,
      0,
      0,
      1,
      1
    ],
    [
      1,
      0,
      1,
      0,
      1,
      0,
      0,
      0,
      0,
      0,
      0,
      0
    ],
    [
      0,
      1,
      1,
      1,
      0,
      1,
      0,
      1,
      0,
      0,
      1,
      0
    ],
    [
      1,
      0,
      1,
      1,
      0,
      1,
      0,
      0,
      0,
      0,
      0,
      0
    ],
    [
      1,
      1,
      0,
      0,
      0,
      0,
      1,
      0,
      1,
      1,
      0,
      0
    ],
    [
      0,
      0,
      0,
      0,
      0,
      0,
      0,
      0,
      0,
      0,
      1,
      1
    ],
    [
      0,
      0,
      0,
      0,
      1,
      0,
      1,
      1,
      0,
      0,
      0,
      0
    ]
  ],
  "problem_id": "P4_S9",
  "seed": 308
}