{
  "n": 30,
  "m": 15,
  "D": [
    40,
    12,
    39,
    77,
    56,
    37,
    88,
    49,
    37,
    91,
    38,
    62,
    57,
    78,
    30,
    64,
    69,
    69,
    82,
    42,
    49,
    27,
    98,
    84,
    97,
    52,
    89,
    83,
    56,
    42
  ],
  "p": [
    5.0,
    5.0,
    5.0,
    5.0,
    5.0,
    5.0,
    5.0,
    5.0,
    5.0,
    5.0,
    5.0,
    5.0,
    5.0,
    5.0,
    5.0,
    5.0,
    5.0,
    5.0,
    5.0,
    5.0,
    5.0,
    5.0,
    5.0,
    5.0,
    5.0,
    5.0,
    5.0,
    5.0,
    5.0,
    5.0
  ],
  "c": [
    279.7170033813949,
    250.914525966562,
    241.3767986080071,
    132.28171254292297,
    345.21101785322173,
    187.3514482152438,
    193.85991955980757,
    396.91261818803713,
    24.099317263796408,
    287.8964408255861,
    93.82317849353413,
    73.8425566472141,
    176.41782296249866,
    236.4086170972496,
    170.22998808156956
  ],
  "U": [
    132,
    125,
    115,
    74,
    121,
    98,
    77,
    148,
    20,
    144,
    59,
    29,
    91,
    123,
    83
  ],
  "a": [
    [
      0,
      0,
      0,
      0,
      0,
      0,
      0,
      1,
      0,
      0,
      0,
      0,
      0,
      0,
      0
    ],
    [
      0,
      0,
      1,
      0,
      0,
      0,
      1,
      0,
      0,
      0,
      0,
      0,
      0,
      0,
      1
    ],
    [
      0,
      0,
      0,
      1,
      1,
      0,
      0,
      1,
      1,
      0,
      1,
      0,
      0,
      0,
      0
    ],
    [
      0,
      0,
      0,
      0,
      0,
      0,
      1,
      1,
      0,
      0,
      0,
      0,
      1,
      0,
      0
    ],
    [
      1,
      1,
      1,
      0,
      0,
      0,
      0,
      0,
      0,
      0,
      0,
      1,
      1,
      0,
      1
    ],
    [
      0,
      1,
      0,
      0,
      0,
      1,
      0,
      0,
      1,
      0,
      0,
      1,
      0,
      0,
      0
    ],
    [
      0,
      0,
      0,
      0,
      0,
      1,
      1,
      0,
      0,
      0,
      0,
      1,
      0,
      0,
      0
    ],
    [
      0,
      1,
      0,
      0,
      0,
      0,
      0,
      0,
      0,
      0,
      1,
      0,
      0,
      0,
      0
    ],
    [
      0,
      0,
      0,
      0,
      1,
      1,
      0,
      1,
      0,
      1,
      1,
      0,
      0,
      1,
      0
    ],
    [
      0,
      0,
      0,
      0,
      1,
      1,
      0,
      0,
      1,
      0,
      1,
      0,
      0,
      0,
      0
    ],
    [
      0,
      0,
      0,
      0,
      0,
      0,
      0,
      1,
      1,
      0,
      1,
      0,
      0,
      1,
      1
    ],
    [
      0,
      0,
      0,
      1,
      0,
      1,
      1,
      0,
      0,
      1,
      0,
      0,
      0,
      0,
      1
    ],
    [
      0,
      1,
      0,
      0,
      0,
      1,
      1,
      0,
      0,
      0,
      0,
      0,
      0,
      1,
      0
    ],
    [
      0,
      0,
      0,
      0,
      0,
      0,
      0,
      1,
      0,
      0,
      0,
      0,
      1,
      0,
      0
    ],
    [
      0,
      0,
      1,
      1,
      0,
      1,
      1,
      0,
      1,
      0,
      0,
      0,
      0,
      0,
      0
    ],
    [
      0,
      0,
      0,
      1,
      0,
      0,
      0,
      0,
      0,
      0,
      0,
      0,
      0,
      0,
      0
    ],
    [
      0,
      0,
      1,
      0,
      0,
      0,
      0,
      1,
      0,
      0,
      1,
      0,
      0,
      0,
      1
    ],
    [
      1,
      0,
      1,
      0,
      1,
      0,
      0,
      1,
      1,
      0,
      0,
      1,
      1,
      0,
      1
    ],
    [
      0,
      0,
      0,
      0,
      0,
      0,
      0,
      1,
      0,
      0,
      0,
      0,
      0,
      1,
      1
    ],
    [
      0,
      0,
      0,
      0,
      0,
      0,
      0,
      0,
      0,
      1,
      0,
      1,
      0,
      0,
      1
    ],
    [
      0,
      0,
      0,
      0,
      0,
      1,
      0,
      1,
      1,
      0,
      0,
      0,
      0,
      0,
      0
    ],
    [
      0,
      0,
      0,
      1,
      0,
      0,
      0,
      0,
      1,
      0,
      0,
      1,
      0,
      1,
      0
    ],
    [
      1,
      0,
      1,
      1,
      0,
      1,
      1,
      1,
      1,
      0,
      0,
      1,
      0,
      0,
      0
    ],
    [
      0,
      1,
      1,
      1,
      0,
      1,
      1,
      1,
      0,
      1,
      1,
      0,
      0,
      0,
      0
    ],
    [
      0,
      1,
      1,
      0,
      0,
      1,
      0,
      1,
      1,
      0,
      0,
      1,
      0,
      0,
      1
    ],
    [
      0,
      1,
      0,
      0,
      0,
      0,
      0,
      1,
      0,
      0,
      0,
      1,
      1,
      1,
      0
    ],
    [
      1,
      1,
      0,
      0,
      1,
      1,
      0,
      0,
      1,
      1,
      0,
      1,
      1,
      0,
      1
    ],
    [
      0,
      0,
      0,
      0,
      0,
      0,
      0,
      0,
      0,
      1,
      1,
      1,
      0,
      1,
      1
    ],
    [
      0,
      1,
      0,
      0,
      0,
      1,
      0,
      0,
      1,
      1,
      1,
      1,
      1,
      0,
      1
    ],
    [
      0,
      0,
      0,
      0,
      0,
      0,
      0,
      0,
      0,
      0,
      1,
      0,
      1,
      0,
      0
    ]
  ],
  "problem_id": "P5_S2",
  "seed": 401
}