{
  "n": 30,
  "m": 15,
  "D": [
    29,
    74,
    42,
    64,
    40,
    10,
    53,
    55,
    54,
    78,
    93,
    76,
    89,
    80,
    69,
    35,
    43,
    46,
    82,
    34,
    33,
    65,
    90,
    21,
    64,
    53,
    41,
    54,
    16,
    21
  ],
  "p": [
    5.0,
    5.0,
    5.0,
    5.0,
    5.0,
    5.0,
    5.0,
    5.0,
    5.0,
    5.0,
    5.0,
    5.0,
    5.0,
    5.0,
    5.0,
    5.0,
    5.0,
    5.0,
    5.0,
    5.0,
    5.0,
    5.0,
    5.0,
    5.0,
    5.0,
    5.0,
    5.0,
    5.0,
    5.0,
    5.0
  ],
  "c": [
    131.07998792664569,
    185.8520732665546,
    458.98189859195077,
    269.61102848538184,
    185.28401747734222,
    260.7028416448743,
    58.024130840433386,
    408.74988972904424,
    229.50520971099678,
    106.35456093392207,
    119.27625493068874,
    166.46099258588924,
    404.17043472632304,
    331.96613448295807,
    250.68753248709865
  ],
  "U": [
    80,
    72,
    198,
    134,
    113,
    158,
    26,
    199,
    92,
    80,
    63,
    88,
    190,
    198,
    142
  ],
  "a": [
    [
      0,
      1,
      1,
      0,
      1,
      1,
      0,
      0,
      1,
      0,
      0,
      0,
      1,
      1,
      0
    ],
    [
      0,
      0,
      0,
      0,
      1,
      0,
      1,
      1,
      0,
      0,
      0,
      1,
      0,
      0,
      1
    ],
    [
      0,
      0,
      1,
      1,
      1,
      1,
      0,
      0,
      1,
      0,
      0,
      0,
      0,
      1,
      0
    ],
    [
      0,
      1,
      1,
      1,
      0,
      0,
      0,
      0,
      0,
      1,
      0,
      0,
      1,
      0,
      0
    ],
    [
      1,
      0,
      0,
      0,
      0,
      1,
      0,
      1,
      1,
      0,
      0,
      1,
      0,
      1,
      1
    ],
    [
      0,
      1,
      0,
      1,
      0,
      0,
      0,
      0,
      1,
      0,
      0,
      0,
      0,
      0,
      1
    ],
    [
      0,
      0,
      0,
      0,
      1,
      0,
      0,
      1,
      1,
      0,
      0,
      1,
      0,
      0,
      0
    ],
    [
      0,
      0,
      0,
      0,
      0,
      0,
      0,
      0,
      1,
      1,
      0,
      0,
      1,
      1,
      0
    ],
    [
      0,
      0,
      1,
      0,
      0,
      0,
      0,
      0,
      0,
      0,
      1,
      1,
      0,
      0,
      1
    ],
    [
      0,
      1,
      0,
      0,
      0,
      0,
      0,
      0,
      0,
      0,
      1,
      0,
      0,
      0,
      0
    ],
    [
      0,
      1,
      0,
      0,
      0,
      0,
      1,
      0,
      0,
      0,
      0,
      0,
      1,
      1,
      0
    ],
    [
      1,
      0,
      1,
      0,
      0,
      0,
      0,
      0,
      0,
      0,
      0,
      1,
      1,
      0,
      1
    ],
    [
      0,
      0,
      0,
      0,
      1,
      0,
      0,
      1,
      0,
      0,
      0,
      1,
      0,
      0,
      0
    ],
    [
      0,
      1,
      0,
      0,
      0,
      0,
      0,
      1,
      1,
      1,
      0,
      0,
      1,
      0,
      1
    ],
    [
      0,
      0,
      1,
      0,
      0,
      0,
      0,
      0,
      0,
      0,
      1,
      0,
      0,
      0,
      0
    ],
    [
      1,
      0,
      0,
      1,
      0,
      0,
      1,
      0,
      0,
      0,
      0,
      1,
      0,
      0,
      0
    ],
    [
      0,
      1,
      1,
      1,
      1,
      0,
      0,
      0,
      0,
      1,
      1,
      1,
      0,
      1,
      0
    ],
    [
      1,
      1,
      1,
      0,
      1,
      0,
      1,
      0,
      0,
      1,
      0,
      1,
      0,
      0,
      1
    ],
    [
      1,
      1,
      0,
      1,
      0,
      0,
      0,
      1,
      1,
      0,
      0,
      0,
      0,
      0,
      0
    ],
    [
      0,
      0,
      0,
      0,
      1,
      0,
      0,
      0,
      0,
      0,
      1,
      1,
      1,
      0,
      0
    ],
    [
      0,
      0,
      0,
      0,
      0,
      1,
      1,
      0,
      0,
      1,
      0,
      0,
      0,
      0,
      0
    ],
    [
      1,
      0,
      0,
      0,
      0,
      1,
      0,
      0,
      0,
      0,
      1,
      1,
      0,
      0,
      0
    ],
    [
      0,
      0,
      1,
      0,
      1,
      0,
      1,
      0,
      0,
      1,
      0,
      0,
      0,
      0,
      0
    ],
    [
      0,
      0,
      0,
      0,
      0,
      0,
      0,
      0,
      0,
      0,
      1,
      0,
      0,
      0,
      0
    ],
    [
      0,
      0,
      0,
      0,
      1,
      0,
      1,
      1,
      0,
      0,
      1,
      0,
      0,
      0,
      0
    ],
    [
      1,
      0,
      1,
      0,
      1,
      1,
      0,
      1,
      0,
      0,
      0,
      1,
      0,
      1,
      0
    ],
    [
      0,
      0,
      1,
      0,
      1,
      0,
      1,
      0,
      0,
      1,
      0,
      0,
      0,
      1,
      0
    ],
    [
      1,
      1,
      0,
      0,
      0,
      1,
      1,
      0,
      1,
      1,
      0,
      1,
      0,
      0,
      0
    ],
    [
      0,
      0,
      1,
      0,
      0,
      0,
      0,
      0,
      0,
      1,
      0,
      1,
      0,
      0,
      0
    ],
    [
      0,
      0,
      0,
      0,
      0,
      0,
      0,
      0,
      0,
      0,
      0,
      1,
      1,
      0,
      0
    ]
  ],
  "problem_id": "P5_S8",
  "seed": 407
}