{
  "n": 30,
  "m": 15,
  "D": [
    49,
    31,
    37,
    72,
    47,
    86,
    62,
    94,
    16,
    29,
    31,
    23,
    58,
    39,
    69,
    16,
    83,
    98,
    41,
    23,
    61,
    80,
    97,
    44,
    76,
    75,
    71,
    16,
    21,
    70
  ],
  "p": [
    5.0,
    5.0,
    5.0,
    5.0,
    5.0,
    5.0,
    5.0,
    5.0,
    5.0,
    5.0,
    5.0,
    5.0,
    5.0,
    5.0,
    5.0,
    5.0,
    5.0,
    5.0,
    5.0,
    5.0,
    5.0,
    5.0,
    5.0,
    5.0,
    5.0,
    5.0,
    5.0,
    5.0,
    5.0,
    5.0
  ],
  "c": [
    353.8601317391019,
    43.252076587774226,
    217.0808114668589,
    58.96090337096388,
    392.26602483148747,
    297.8786147086227,
    221.95615228119237,
    421.73782394738413,
    58.78813630391186,
    44.8304502117698,
    118.82101370926625,
    65.97142392422687,
    234.43891832717838,
    321.167381859959,
    77.80888677724329
  ],
  "U": [
    153,
    26,
    90,
    35,
    185,
    119,
    99,
    174,
    28,
    29,
    75,
    27,
    82,
    149,
    30
  ],
  "a": [
    [
      0,
      0,
      1,
      0,
      1,
      0,
      0,
      0,
      0,
      0,
      1,
      0,
      0,
      1,
      0
    ],
    [
      0,
      0,
      0,
      0,
      0,
      0,
      0,
      0,
      1,
      0,
      1,
      0,
      0,
      0,
      1
    ],
    [
      0,
      1,
      0,
      1,
      0,
      0,
      0,
      0,
      0,
      1,
      0,
      0,
      0,
      0,
      0
    ],
    [
      0,
      0,
      0,
      0,
      0,
      0,
      0,
      0,
      0,
      0,
      0,
      0,
      0,
      1,
      0
    ],
    [
      1,
      0,
      0,
      1,
      0,
      0,
      1,
      0,
      0,
      1,
      0,
      1,
      0,
      0,
      0
    ],
    [
      1,
      0,
      0,
      0,
      0,
      1,
      1,
      0,
      0,
      1,
      0,
      0,
      0,
      0,
      0
    ],
    [
      1,
      1,
      0,
      1,
      1,
      0,
      0,
      0,
      0,
      1,
      0,
      1,
      0,
      0,
      0
    ],
    [
      0,
      0,
      0,
      1,
      0,
      0,
      1,
      0,
      0,
      0,
      1,
      0,
      0,
      1,
      0
    ],
    [
      0,
      0,
      0,
      0,
      0,
      0,
      0,
      1,
      0,
      1,
      0,
      1,
      0,
      0,
      0
    ],
    [
      0,
      0,
      1,
      0,
      0,
      1,
      0,
      0,
      0,
      1,
      0,
      0,
      0,
      0,
      0
    ],
    [
      0,
      0,
      0,
      0,
      0,
      0,
      0,
      0,
      0,
      0,
      0,
      0,
      0,
      1,
      0
    ],
    [
      0,
      0,
      1,
      0,
      0,
      1,
      1,
      0,
      1,
      1,
      0,
      0,
      1,
      0,
      1
    ],
    [
      0,
      0,
      1,
      0,
      0,
      0,
      0,
      1,
      0,
      0,
      0,
      0,
      0,
      0,
      1
    ],
    [
      1,
      0,
      1,
      0,
      1,
      0,
      0,
      0,
      0,
      1,
      0,
      0,
      0,
      0,
      0
    ],
    [
      0,
      1,
      1,
      1,
      0,
      1,
      1,
      1,
      1,
      0,
      0,
      0,
      1,
      0,
      0
    ],
    [
      1,
      0,
      0,
      0,
      1,
      1,
      0,
      0,
      1,
      0,
      1,
      1,
      1,
      0,
      1
    ],
    [
      1,
      0,
      0,
      0,
      0,
      0,
      0,
      0,
      1,
      1,
      0,
      1,
      0,
      1,
      0
    ],
    [
      0,
      0,
      0,
      0,
      0,
      0,
      0,
      0,
      0,
      1,
      1,
      0,
      0,
      0,
      1
    ],
    [
      1,
      1,
      0,
      1,
      0,
      0,
      1,
      1,
      0,
      1,
      1,
      0,
      1,
      0,
      0
    ],
    [
      0,
      0,
      1,
      1,
      0,
      0,
      0,
      0,
      0,
      0,
      1,
      0,
      1,
      1,
      1
    ],
    [
      1,
      0,
      1,
      0,
      1,
      1,
      0,
      1,
      0,
      1,
      0,
      1,
      0,
      0,
      0
    ],
    [
      0,
      1,
      0,
      0,
      1,
      1,
      0,
      0,
      1,
      0,
      1,
      0,
      0,
      1,
      0
    ],
    [
      0,
      0,
      0,
      1,
      0,
      1,
      1,
      1,
      1,
      1,
      1,
      0,
      0,
      1,
      0
    ],
    [
      0,
      0,
      0,
      0,
      0,
      0,
      0,
      0,
      0,
      0,
      1,
      0,
      0,
      1,
      0
    ],
    [
      0,
      0,
      0,
      0,
      1,
      1,
      0,
      0,
      1,
      0,
      1,
      0,
      1,
      0,
      1
    ],
    [
      0,
      0,
      0,
      0,
      0,
      1,
      0,
      0,
      0,
      0,
      0,
      1,
      0,
      0,
      1
    ],
    [
      0,
      1,
      1,
      0,
      1,
      1,
      0,
      1,
      0,
      0,
      0,
      0,
      0,
      1,
      1
    ],
    [
      0,
      0,
      1,
      1,
      1,
      1,
      0,
      0,
      0,
      1,
      0,
      0,
      0,
      0,
      1
    ],
    [
      1,
      0,
      0,
      0,
      0,
      0,
      0,
      0,
      1,
      0,
      0,
      1,
      0,
      0,
      1
    ],
    [
      0,
      0,
      0,
      0,
      1,
      1,
      0,
      0,
      1,
      0,
      1,
      0,
      0,
      0,
      0
    ]
  ],
  "problem_id": "P5_S3",
  "seed": 402
}