{
  "n": 30,
  "m": 15,
  "D": [
    81,
    98,
    64,
    88,
    67,
    67,
    10,
    10,
    49,
    19,
    81,
    73,
    68,
    33,
    18,
    86,
    43,
    15,
    30,
    11,
    12,
    89,
    17,
    93,
    10,
    64,
    80,
    85,
    31,
    98
  ],
  "p": [
    7.237079488919068,
    4.197014406305385,
    2.0171721025031126,
    2.7602047366932085,
    1.485385881758114,
    6.365191484766108,
    2.9914629065848315,
    3.1475626321601022,
    7.093963095767328,
    4.518787449432302,
    6.207380313859059,
    9.04232381269893,
    1.9385480900133447,
    1.4820816548712208,
    5.877559808653143,
    7.2722267763380195,
    4.359570470752091,
    1.9316530084651673,
    5.725745050870922,
    8.219038542868226,
    1.0626087493943843,
    1.496733545696651,
    8.655394932381055,
    1.5959843992770852,
    3.130018514152817,
    1.9206013131728312,
    9.94126622879887,
    5.8816654450015236,
    5.500714540835531,
    4.679022684825034
  ],
  "c": [
    135.6550876249235,
    60.273787732950225,
    322.5553518089421,
    131.04607918955938,
    324.89148535269885,
    449.17656975387916,
    248.72444810251403,
    136.9787705137847,
    139.50725368121726,
    213.89160057203836,
    85.72494958497632,
    285.6050321997609,
    142.49489711337142,
    98.04926257385844,
    201.6328789925404
  ],
  "U": [
    66,
    94,
    24,
    189,
    148,
    89,
    186,
    110,
    89,
    179,
    185,
    185,
    50,
    126,
    143
  ],
  "a": [
    [
      0,
      1,
      1,
      1,
      0,
      1,
      0,
      1,
      0,
      1,
      1,
      0,
      0,
      1,
      0
    ],
    [
      0,
      0,
      0,
      1,
      0,
      1,
      1,
      1,
      1,
      1,
      0,
      0,
      0,
      0,
      0
    ],
    [
      1,
      0,
      0,
      0,
      1,
      1,
      0,
      0,
      1,
      0,
      0,
      0,
      1,
      0,
      0
    ],
    [
      0,
      0,
      0,
      0,
      1,
      1,
      1,
      0,
      1,
      0,
      1,
      0,
      1,
      0,
      0
    ],
    [
      0,
      0,
      0,
      0,
      1,
      0,
      1,
      1,
      0,
      0,
      1,
      1,
      0,
      0,
      1
    ],
    [
      1,
      0,
      0,
      0,
      0,
      0,
      0,
      0,
      0,
      0,
      0,
      0,
      0,
      1,
      1
    ],
    [
      0,
      1,
      0,
      0,
      0,
      0,
      0,
      0,
      0,
      0,
      0,
      0,
      0,
      1,
      0
    ],
    [
      0,
      0,
      0,
      0,
      1,
      1,
      0,
      0,
      0,
      0,
      1,
      0,
      0,
      0,
      1
    ],
    [
      0,
      0,
      0,
      0,
      1,
      1,
      1,
      0,
      0,
      1,
      1,
      1,
      1,
      0,
      0
    ],
    [
      0,
      0,
      0,
      0,
      0,
      0,
      0,
      0,
      1,
      0,
      0,
      1,
      0,
      1,
      0
    ],
    [
      1,
      0,
      0,
      0,
      1,
      0,
      0,
      1,
      0,
      1,
      0,
      1,
      0,
      0,
      1
    ],
    [
      0,
      0,
      0,
      1,
      1,
      0,
      0,
      0,
      0,
      0,
      0,
      0,
      1,
      1,
      0
    ],
    [
      1,
      0,
      1,
      1,
      1,
      0,
      0,
      0,
      0,
      0,
      0,
      1,
      0,
      0,
      1
    ],
    [
      1,
      0,
      0,
      0,
      0,
      1,
      0,
      0,
      0,
      0,
      1,
      0,
      0,
      0,
      1
    ],
    [
      1,
      1,
      1,
      1,
      0,
      1,
      1,
      0,
      0,
      1,
      0,
      0,
      0,
      0,
      0
    ],
    [
      0,
      1,
      0,
      1,
      0,
      0,
      0,
      1,
      1,
      0,
      0,
      1,
      1,
      0,
      0
    ],
    [
      1,
      0,
      0,
      0,
      0,
      1,
      0,
      0,
      0,
      0,
      1,
      0,
      0,
      1,
      1
    ],
    [
      1,
      0,
      1,
      0,
      0,
      1,
      0,
      1,
      0,
      0,
      0,
      0,
      1,
      1,
      1
    ],
    [
      1,
      0,
      1,
      1,
      1,
      1,
      1,
      0,
      0,
      0,
      0,
      0,
      0,
      0,
      0
    ],
    [
      0,
      0,
      1,
      0,
      0,
      0,
      0,
      0,
      0,
      0,
      1,
      1,
      0,
      1,
      1
    ],
    [
      1,
      1,
      1,
      1,
      0,
      0,
      0,
      0,
      0,
      0,
      0,
      1,
      0,
      0,
      1
    ],
    [
      0,
      1,
      1,
      0,
      1,
      1,
      0,
      0,
      0,
      1,
      0,
      0,
      0,
      0,
      1
    ],
    [
      0,
      0,
      0,
      0,
      1,
      0,
      1,
      1,
      1,
      1,
      0,
      0,
      0,
      1,
      0
    ],
    [
      0,
      0,
      0,
      0,
      0,
      1,
      0,
      1,
      1,
      1,
      1,
      0,
      1,
      1,
      0
    ],
    [
      0,
      0,
      0,
      1,
      1,
      0,
      1,
      0,
      0,
      0,
      0,
      1,
      1,
      0,
      1
    ],
    [
      0,
      0,
      0,
      1,
      0,
      0,
      0,
      1,
      0,
      0,
      1,
      0,
      0,
      0,
      1
    ],
    [
      0,
      0,
      1,
      0,
      0,
      1,
      1,
      0,
      1,
      0,
      0,
      0,
      1,
      0,
      1
    ],
    [
      0,
      1,
      0,
      0,
      1,
      0,
      0,
      0,
      1,
      0,
      0,
      0,
      0,
      0,
      1
    ],
    [
      0,
      0,
      1,
      1,
      0,
      1,
      1,
      0,
      1,
      0,
      0,
      1,
      1,
      1,
      0
    ],
    [
      1,
      0,
      0,
      0,
      0,
      1,
      0,
      1,
      1,
      1,
      0,
      0,
      0,
      1,
      0
    ]
  ],
  "problem_id": "P5_S2",
  "seed": 401
}